dataset,series,window_type,fold,model,family,train_size,test_start_date,test_end_date,horizon,fit_seconds,error,mae,rmse,wape,mase,mase_undefined_reason,mape,smape,actual_sum,actual_mean,all_zero_window,coverage,interval_width,width_pct_of_mean,pinball_lower,pinball_upper,pinball_mean,crossed_bounds_repaired,interval,order,seasonal_order,aic,bic,ljung_box_p,residuals_white_noise,lambda,ets_config,sp,n_train_rows,margin_h1,margin_hmax
retail,Riyadh/Grocery,expanding,0,seasonal_naive,baseline,1012,2025-10-09,2025-10-22,14,0.0003229000139981508,,34.714285714285715,40.76938627380669,6.663010693720866,0.3771864116207054,,6.689419120537665,6.602195286162018,7294.0,521.0,False,1.0,445.60000000000025,85.52783109404996,10.740000000000006,11.540000000000015,11.140000000000011,0,conformal(in-sample seasonal-naive residuals),,,,,,,,,,,,
retail,Riyadh/Grocery,expanding,1,seasonal_naive,baseline,1026,2025-10-23,2025-11-05,14,0.0003119999310001731,,36.142857142857146,41.59498596156581,6.757478632478632,0.3960296722321304,,6.750631059900848,6.961254697976528,7488.0,534.8571428571429,False,1.0,437.20000000000033,81.74145299145304,11.708571428571434,10.151428571428585,10.93000000000001,0,conformal(in-sample seasonal-naive residuals),,,,,,,,,,,,
retail,Riyadh/Grocery,expanding,2,seasonal_naive,baseline,1040,2025-11-06,2025-11-19,14,0.00033840001560747623,,35.714285714285715,42.945147738547995,6.507027589796981,0.3942597610778215,,6.299517808060105,6.409638784087917,7684.0,548.8571428571429,False,1.0,423.60000000000025,77.17855283706407,10.954285714285717,10.225714285714298,10.590000000000007,0,conformal(in-sample seasonal-naive residuals),,,,,,,,,,,,
retail,Riyadh/Grocery,expanding,3,seasonal_naive,baseline,1054,2025-11-20,2025-12-03,14,0.0003063000040128827,,40.285714285714285,48.133742248625786,6.985385187020064,0.44878590048563977,,7.215650990147362,7.568555834190851,8074.0,576.7142857142857,False,1.0,422.0,73.17314837750806,12.021428571428572,9.078571428571435,10.550000000000004,0,conformal(in-sample seasonal-naive residuals),,,,,,,,,,,,
retail,Riyadh/Grocery,expanding,4,seasonal_naive,baseline,1068,2025-12-04,2025-12-17,14,0.0003106000367552042,,58.714285714285715,70.18546858146635,9.620786516853933,0.6596551896275522,,9.328743887198552,9.597659076521854,8544.0,610.2857142857143,False,1.0,414.0,67.83707865168539,11.457142857142857,9.242857142857149,10.350000000000003,0,conformal(in-sample seasonal-naive residuals),,,,,,,,,,,,
retail,Riyadh/Grocery,expanding,5,seasonal_naive,baseline,1082,2025-12-18,2025-12-31,14,0.0002973000518977642,,61.214285714285715,69.44113642914716,9.50848773993121,0.690492929244477,,9.9370593274033,10.332143813642016,9013.0,643.7857142857143,False,1.0,394.40000000000003,61.26262065904804,11.02071428571429,8.699285714285724,9.860000000000007,0,conformal(in-sample seasonal-naive residuals),,,,,,,,,,,,
retail,Riyadh/Grocery,expanding,0,sarima,classical,1012,2025-10-09,2025-10-22,14,20.70358179998584,,40.550683884290045,47.73688892919152,7.7832406687696825,0.44060151687887444,,8.346687578271556,7.857233224116874,7294.0,521.0,False,1.0,237.77760515417341,45.638695806943076,5.322791528127157,6.56608872958152,5.944440128854339,0,analytic (state-space),"(1, 1, 2)","(0, 1, 1, 7)",-8481.345925526655,-8456.837239493372,0.9999815225459437,True,-0.5375,,,,,
retail,Riyadh/Grocery,expanding,1,sarima,classical,1026,2025-10-23,2025-11-05,14,15.34984160005115,,47.57578807677492,57.767426726866496,8.89504584768762,0.521304214654598,,9.18001231365785,8.59138648706398,7488.0,534.8571428571429,False,1.0,233.52182172097582,43.660597009797826,6.020891123451656,5.655199962597139,5.838045543024398,0,analytic (state-space),"(1, 1, 2)","(1, 1, 1, 7)",-8604.532048661047,-8575.037707969259,0.5347319765226319,True,-0.5375,,,,,
retail,Riyadh/Grocery,expanding,2,sarima,classical,1040,2025-11-06,2025-11-19,14,23.213687000097707,,76.46122971548964,78.9363787693089,13.930989276637884,0.8440764124616703,,14.382537326319348,13.338848138835816,7684.0,548.8571428571429,False,1.0,230.22499709183688,41.94625142225034,6.631698909393416,4.8795509451984325,5.755624927295925,0,analytic (state-space),"(2, 1, 2)","(1, 1, 1, 7)",-8732.627822640048,-8698.121205244703,0.985599413321674,True,-0.5375,,,,,
retail,Riyadh/Grocery,expanding,3,sarima,classical,1054,2025-11-20,2025-12-03,14,21.735212300089188,,24.59547712775528,28.65011327586381,4.264759472238964,0.27399547324317475,,4.387823993186863,4.340269007096299,8074.0,576.7142857142857,False,1.0,256.98094346659025,44.55948982576497,7.419811663187874,5.429235510141644,6.424523586664758,0,analytic (state-space),"(1, 1, 2)","(1, 1, 1, 7)",-8690.546207155034,-8660.887472618117,0.9816055537439394,True,-0.5249999999999999,,,,,
retail,Riyadh/Grocery,expanding,4,sarima,classical,1068,2025-12-04,2025-12-17,14,24.048263299977407,,45.91116931888006,53.774297085096435,7.522897594385777,0.5158121355753756,,8.068137052604204,7.870907763229483,8544.0,610.2857142857143,False,1.0,286.2840271437162,46.90983590838045,7.300481937924729,7.013719419261086,7.157100678592908,0,analytic (state-space),"(1, 1, 1)","(0, 1, 1, 7)",-9002.538804881831,-8982.708815398324,0.9998996002102187,True,-0.5375,,,,,
retail,Riyadh/Grocery,expanding,5,sarima,classical,1082,2025-12-18,2025-12-31,14,18.506437000003643,,32.848480592618934,39.213001945410305,5.102393523761956,0.37052859999858717,,5.130516750348172,4.96774483293998,9013.0,643.7857142857143,False,1.0,319.63603660239477,49.64944538370716,6.953756528318412,9.028045301801336,7.990900915059875,0,analytic (state-space),"(1, 1, 1)","(1, 1, 1, 7)",-9113.179152251902,-9088.325501861184,0.5029084064785807,True,-0.5375,,,,,
retail,Riyadh/Grocery,expanding,0,ets,classical,1012,2025-10-09,2025-10-22,14,0.6970671999733895,,31.105256078234284,37.19478634035092,5.97029867144612,0.33797267267014924,,5.716512324253014,5.837921292917582,7294.0,521.0,False,1.0,271.99871183767743,52.207046417980315,6.559257545498317,7.040678046385563,6.7999677959419405,0,analytic (state-space),,,-8623.97785260775,-8560.021962559733,1.983855117572968e-09,False,-0.5375,Holt-Winters-add,,,,
retail,Riyadh/Grocery,expanding,1,ets,classical,1026,2025-10-23,2025-11-05,14,0.5712328999070451,,33.05440429371979,40.39242948043429,6.180043537821542,0.3621884359205186,,6.0790285228266345,6.275239637136074,7488.0,534.8571428571429,False,1.0,277.6558588743368,51.912153101505275,6.896015469084157,6.986777474632689,6.941396471858423,0,analytic (state-space),,,-8749.455105646863,-8685.320606312363,1.9365449582870047e-09,False,-0.5375,Holt-Winters-add,,,,
retail,Riyadh/Grocery,expanding,2,ets,classical,1040,2025-11-06,2025-11-19,14,0.6011914000846446,,40.49753135291974,52.52454310266369,7.378519507299275,0.44706331699242413,,6.711621070685873,7.043208966085311,7684.0,548.8571428571429,False,1.0,277.2091102646582,50.50660520178572,7.52736888281055,6.333086630422366,6.930227756616458,0,analytic (state-space),,,-8875.523547967987,-8811.212860070227,1.8761488815482372e-09,False,-0.5375,Holt-Winters-add,,,,
retail,Riyadh/Grocery,expanding,3,ets,classical,1054,2025-11-20,2025-12-03,14,0.5226474000373855,,49.91871396336236,55.39161445739201,8.655709629515396,0.5560982446096758,,8.499031350182777,8.96299672054294,8074.0,576.7142857142857,False,1.0,292.330004034609,50.688878579198985,8.346580093252772,6.269920108477682,7.3082501008652265,0,analytic (state-space),,,-8833.166524040864,-8768.682003562546,1.0250679505703644e-09,False,-0.5249999999999999,Holt-Winters-add,,,,
retail,Riyadh/Grocery,expanding,4,ets,classical,1068,2025-12-04,2025-12-17,14,0.6058141000103205,,47.443049425746274,59.57498747235573,7.773907911522096,0.5330228135234791,,7.630581162255108,7.86885660400599,8544.0,610.2857142857143,False,1.0,340.3566563064966,55.77005136108324,8.039516244549507,8.978316570775334,8.50891640766242,0,analytic (state-space),,,-9133.309034890055,-9068.652975636292,8.852820157349631e-10,False,-0.5375,Holt-Winters-add,,,,
retail,Riyadh/Grocery,expanding,5,ets,classical,1082,2025-12-18,2025-12-31,14,0.5875553000951186,,21.315678874250402,23.545320022494955,3.310989728608739,0.24043939046210136,,3.3714888112134016,3.3531783423461103,9013.0,643.7857142857143,False,1.0,397.8333453222304,61.79592626773799,7.640922558709282,12.25074470740225,9.945833633055766,0,analytic (state-space),,,-9250.588907919078,-9185.763543946794,9.952394254072882e-10,False,-0.5375,Holt-Winters-add,,,,
retail,Riyadh/Grocery,expanding,0,prophet,gam,1012,2025-10-09,2025-10-22,14,0.9317947999807075,,34.812023815817,43.57188452697969,6.68177040610691,0.37824838028970303,,6.594994639250553,6.292822039616759,7294.0,521.0,False,1.0,434.9939291500837,83.49211691940187,9.33117199207888,12.418524465425318,10.8748482287521,0,native (Prophet MAP trend + observation noise),,,,,,,,,,,,
retail,Riyadh/Grocery,expanding,1,prophet,gam,1026,2025-10-23,2025-11-05,14,0.6474655999336392,,33.749635027086086,42.57966721642131,6.310027916388959,0.36980631732852376,,6.1367386028765125,6.022550577056478,7488.0,534.8571428571429,False,1.0,428.2526238163845,80.06859953831975,10.223406527908528,11.189224662910705,10.706315595409617,0,native (Prophet MAP trend + observation noise),,,,,,,,,,,,
retail,Riyadh/Grocery,expanding,2,prophet,gam,1040,2025-11-06,2025-11-19,14,0.5497105000540614,,29.451635239710605,35.73750718217918,5.3659928859441495,0.3251246508428646,,5.573752039356745,5.8109418631303225,7684.0,548.8571428571429,False,1.0,431.09054414399725,78.54330580447633,12.110072508145098,9.444454699054775,10.777263603599938,0,native (Prophet MAP trend + observation noise),,,,,,,,,,,,
retail,Riyadh/Grocery,expanding,3,prophet,gam,1054,2025-11-20,2025-12-03,14,0.5481248999712989,,31.576904187408918,37.96855159808656,5.475311600492009,0.3517690980924311,,5.407528376287541,5.552083310255576,8074.0,576.7142857142857,False,1.0,419.7066449214741,72.77548958261875,11.073910303005363,9.911421943068353,10.492666123036859,0,native (Prophet MAP trend + observation noise),,,,,,,,,,,,
retail,Riyadh/Grocery,expanding,4,prophet,gam,1068,2025-12-04,2025-12-17,14,0.5474583000177518,,37.25739515647029,50.00516976598977,6.104910255039607,0.4185869549118987,,6.271765769572076,6.400916404033373,8544.0,610.2857142857143,False,1.0,423.11268924667644,69.33026275109398,11.158238322609256,9.997396139724577,10.577817231166916,0,native (Prophet MAP trend + observation noise),,,,,,,,,,,,
retail,Riyadh/Grocery,expanding,5,prophet,gam,1082,2025-12-18,2025-12-31,14,0.5504289000527933,,18.5180916380615,24.87298753766735,2.876437178884511,0.20888279900648582,,2.9057071346000436,2.9618257054177475,9013.0,643.7857142857143,False,1.0,416.939384931624,64.76369010365845,10.840325947394676,10.006643299186532,10.423484623290605,0,native (Prophet MAP trend + observation noise),,,,,,,,,,,,
retail,Riyadh/Grocery,expanding,0,sktime_theta,gam,1012,2025-10-09,2025-10-22,14,10.368539400049485,,33.21102445412613,39.58073630825128,6.374476862596187,0.3608527982744663,,6.068303996774667,6.2255744428121655,7294.0,521.0,False,1.0,289.0376937269936,55.47748440057458,6.7962532770653965,7.655631409284294,7.225942343174845,0,sktime predict_interval / predict_quantiles,,,,,,,-0.5375,,7.0,,,
retail,Riyadh/Grocery,expanding,1,sktime_theta,gam,1026,2025-10-23,2025-11-05,14,0.07662280008662492,,35.452722837841904,42.655128540206334,6.628447111775997,0.38846763413616464,,6.478592798381047,6.709655584003829,7488.0,534.8571428571429,False,1.0,294.8476067124669,55.126422195172765,7.136878740805339,7.605501594818015,7.371190167811677,0,sktime predict_interval / predict_quantiles,,,,,,,-0.5375,,7.0,,,
retail,Riyadh/Grocery,expanding,2,sktime_theta,gam,1040,2025-11-06,2025-11-19,14,0.07771019998472184,,43.31856788451295,55.61183245112652,7.892503258500537,0.4782055102826811,,7.188337817902977,7.567272152761062,7684.0,548.8571428571429,False,1.0,294.21000860672336,53.604114009553975,7.772675484903717,6.937824945432455,7.355250215168086,0,sktime predict_interval / predict_quantiles,,,,,,,-0.5375,,7.0,,,
retail,Riyadh/Grocery,expanding,3,sktime_theta,gam,1054,2025-11-20,2025-12-03,14,0.07548540004063398,,52.63386811810058,58.56514767935849,9.126506733383803,0.5863452670069831,,8.922309316444212,9.440287147338438,8074.0,576.7142857142857,False,1.0,310.3034216474911,53.805398848958085,8.607098379864741,6.90807270250982,7.7575855411872805,0,sktime predict_interval / predict_quantiles,,,,,,,-0.5249999999999999,,7.0,,,
retail,Riyadh/Grocery,expanding,4,sktime_theta,gam,1068,2025-12-04,2025-12-17,14,0.07501559995580465,,49.419389297122564,62.090126032933135,8.09774637359218,0.5552269983613101,,7.850839314068983,8.146555491325373,8544.0,610.2857142857143,False,1.0,361.0480278901146,59.16049146139518,8.342599311306063,9.709802083199676,9.02620069725287,0,sktime predict_interval / predict_quantiles,,,,,,,-0.5375,,7.0,,,
retail,Riyadh/Grocery,expanding,5,sktime_theta,gam,1082,2025-12-18,2025-12-31,14,0.09212669997941703,,20.17450423152718,22.57176208901301,3.133729715315439,0.2275670190435848,,3.1943966801286727,3.2051007705169243,9013.0,643.7857142857143,False,1.0,421.6834244659224,65.50058740178535,7.993339588177329,13.0908316351188,10.542085611648064,0,sktime predict_interval / predict_quantiles,,,,,,,-0.5375,,7.0,,,
retail,Riyadh/Grocery,expanding,0,lgbm_quantile,ml,1012,2025-10-09,2025-10-22,14,3.924502700101584,,30.891486930487325,36.88170063392923,5.929268124853613,0.3356499742163334,,6.264382070499516,6.112381532694229,7294.0,521.0,False,0.8571428571428571,123.0728784373707,23.622433481261172,4.529122385399767,4.18800205704304,4.358562221221403,0,quantile objective (alpha=0.05/0.95),,,,,,,-0.5375,,,13685.0,,
retail,Riyadh/Grocery,expanding,1,lgbm_quantile,ml,1026,2025-10-23,2025-11-05,14,3.796046099974774,,42.790110523160436,50.31502056564679,8.000287758069527,0.4688659056001859,,7.879369093513702,8.26462797698267,7488.0,534.8571428571429,False,0.7142857142857143,95.21616748159727,17.802168065469573,3.0695496425216566,6.439939223519022,4.754744433020339,0,quantile objective (alpha=0.05/0.95),,,,,,,-0.5375,,,13881.0,,
retail,Riyadh/Grocery,expanding,2,lgbm_quantile,ml,1040,2025-11-06,2025-11-19,14,3.791281299898401,,30.671937630079878,39.79982538062815,5.588328042960936,0.3385959024512158,,5.387549956418706,5.585226666983082,7684.0,548.8571428571429,False,0.7142857142857143,71.40505920059924,13.009771327542808,2.696355917331412,10.475222555448564,6.585789236389989,0,quantile objective (alpha=0.05/0.95),,,,,,,-0.5375,,,14077.0,,
retail,Riyadh/Grocery,expanding,3,lgbm_quantile,ml,1054,2025-11-20,2025-12-03,14,3.8262992999516428,,28.769587131411527,34.81411688558515,4.988533810252185,0.3204953740127453,,5.143934307388647,5.2274461336889475,8074.0,576.7142857142857,False,0.5714285714285714,66.65792137113944,11.558222680157941,2.5661106667002924,8.139663521096923,5.352887093898607,0,quantile objective (alpha=0.05/0.95),,,,,,,-0.5249999999999999,,,14273.0,,
retail,Riyadh/Grocery,expanding,4,lgbm_quantile,ml,1068,2025-12-04,2025-12-17,14,3.930528700002469,,38.48119637963919,48.55161589219146,6.305439481682451,0.4323363656066709,,6.536251019762811,6.582949588163587,8544.0,610.2857142857143,False,0.5,89.14271408898912,14.606718132559077,7.3670527167224895,11.569292548321737,9.468172632522114,0,quantile objective (alpha=0.05/0.95),,,,,,,-0.5375,,,14469.0,,
retail,Riyadh/Grocery,expanding,5,lgbm_quantile,ml,1082,2025-12-18,2025-12-31,14,4.05380029999651,,25.924837379507796,31.052684709848016,4.026935796217787,0.2924303811354524,,4.079420723950612,4.06772826451005,9013.0,643.7857142857143,False,0.9285714285714286,115.03600472097742,17.86867930870613,3.091839452778968,2.7402471626761056,2.916043307727537,0,quantile objective (alpha=0.05/0.95),,,,,,,-0.5375,,,14665.0,,
retail,Riyadh/Grocery,expanding,0,lgbm_conformal,ml,1012,2025-10-09,2025-10-22,14,2.316896800068207,,32.5326240511972,44.46904698959482,6.24426565282096,0.35348167113306866,,6.509327460050842,6.243681936432126,7294.0,521.0,False,1.0,261.3227512063692,50.15791769795954,4.7353634827534465,8.330774077565026,6.533068780159237,0,"split conformal (per-horizon, refit each fold)",,,,,,,-0.5375,,,13685.0,0.008174263540042137,0.00753379908049534
retail,Riyadh/Grocery,expanding,1,lgbm_conformal,ml,1026,2025-10-23,2025-11-05,14,2.4271287999581546,,34.67161568003376,46.08654212584614,6.482406777784091,0.37990877531484246,,6.420647513501007,6.703946796086817,7488.0,534.8571428571429,False,0.9285714285714286,208.5058497845243,38.983465504585205,5.559393853660624,4.883672238496234,5.221533046078429,0,"split conformal (per-horizon, refit each fold)",,,,,,,-0.5375,,,13881.0,0.007447091374298331,0.007077357927593342
retail,Riyadh/Grocery,expanding,2,lgbm_conformal,ml,1040,2025-11-06,2025-11-19,14,2.3053655000403523,,32.30148969586717,41.777090595809874,5.885227169991414,0.3565849730786085,,5.6996843042610426,5.918581179398848,7684.0,548.8571428571429,False,0.9285714285714286,197.23902324907095,35.936313449856755,5.24562034789596,4.920737644982258,5.083178996439109,0,"split conformal (per-horizon, refit each fold)",,,,,,,-0.5375,,,14077.0,0.006100095409092621,0.006882337549865669
retail,Riyadh/Grocery,expanding,3,lgbm_conformal,ml,1054,2025-11-20,2025-12-03,14,2.308887999970466,,30.537930486769007,37.71781330880892,5.295157627133591,0.34019485257910465,,5.515850354957982,5.644544934138475,8074.0,576.7142857142857,False,1.0,207.83317147952124,36.03745851762816,5.245190631108089,5.146467942867976,5.195829286988033,0,"split conformal (per-horizon, refit each fold)",,,,,,,-0.5249999999999999,,,14273.0,0.00622655380195547,0.006576766566575465
retail,Riyadh/Grocery,expanding,4,lgbm_conformal,ml,1068,2025-12-04,2025-12-17,14,2.3869136000284925,,39.02823994556006,47.59055429743446,6.395076770105815,0.43848240183656007,,6.747945110765345,6.696088069187116,8544.0,610.2857142857143,False,1.0,237.37634757832328,38.895937103189674,4.865710996983924,7.003106381932244,5.934408689458084,0,"split conformal (per-horizon, refit each fold)",,,,,,,-0.5375,,,14469.0,0.0055049206873625245,0.00655973922647668
retail,Riyadh/Grocery,expanding,5,lgbm_conformal,ml,1082,2025-12-18,2025-12-31,14,2.4131477000191808,,22.96444412604281,25.669114348269403,3.5670943943703466,0.2590373490115215,,3.6858350380108247,3.693577622362545,9013.0,643.7857142857143,False,1.0,256.36967567167693,39.82220636196024,5.665688597192282,7.152795186391573,6.409241891791927,0,"split conformal (per-horizon, refit each fold)",,,,,,,-0.5375,,,14665.0,0.006214750634051303,0.006254255507017081
retail,Riyadh/Grocery,rolling,0,seasonal_naive,baseline,730,2025-10-09,2025-10-22,14,0.00044080009683966637,,34.714285714285715,40.76938627380669,6.663010693720866,0.3514841482127603,,6.689419120537665,6.602195286162018,7294.0,521.0,False,1.0,526.0,100.95969289827255,12.750000000000002,13.550000000000011,13.150000000000006,0,conformal(in-sample seasonal-naive residuals),,,,,,,,,,,,
retail,Riyadh/Grocery,rolling,1,seasonal_naive,baseline,730,2025-10-23,2025-11-05,14,0.000354300020262599,,36.142857142857146,41.59498596156581,6.757478632478632,0.37532008666962136,,6.750631059900848,6.961254697976528,7488.0,534.8571428571429,False,1.0,489.20000000000084,91.46367521367537,13.008571428571454,11.451428571428606,12.230000000000029,0,conformal(in-sample seasonal-naive residuals),,,,,,,,,,,,
retail,Riyadh/Grocery,rolling,2,seasonal_naive,baseline,730,2025-11-06,2025-11-19,14,0.0003111000405624509,,35.714285714285715,42.945147738547995,6.507027589796981,0.3715527306813136,,6.299517808060105,6.409638784087917,7684.0,548.8571428571429,False,1.0,478.0,87.09005726184279,12.314285714285715,11.585714285714298,11.950000000000006,0,conformal(in-sample seasonal-naive residuals),,,,,,,,,,,,
retail,Riyadh/Grocery,rolling,3,seasonal_naive,baseline,730,2025-11-20,2025-12-03,14,0.00032670004293322563,,40.285714285714285,48.133742248625786,6.985385187020064,0.4196549495515003,,7.215650990147362,7.568555834190851,8074.0,576.7142857142857,False,1.0,478.0,82.88332920485509,13.421428571428573,10.478571428571438,11.950000000000006,0,conformal(in-sample seasonal-naive residuals),,,,,,,,,,,,
retail,Riyadh/Grocery,rolling,4,seasonal_naive,baseline,730,2025-12-04,2025-12-17,14,0.00028719997499138117,,58.714285714285715,70.18546858146635,9.620786516853933,0.6136849431342948,,9.328743887198552,9.597659076521854,8544.0,610.2857142857143,False,1.0,478.0,78.32397003745317,13.057142857142855,10.842857142857154,11.950000000000005,0,conformal(in-sample seasonal-naive residuals),,,,,,,,,,,,
retail,Riyadh/Grocery,rolling,5,seasonal_naive,baseline,730,2025-12-18,2025-12-31,14,0.00034099991898983717,,61.214285714285715,69.44113642914716,9.50848773993121,0.6378142177753073,,9.9370593274033,10.332143813642016,9013.0,643.7857142857143,False,1.0,478.0,74.24830799955619,13.110714285714286,10.789285714285723,11.950000000000005,0,conformal(in-sample seasonal-naive residuals),,,,,,,,,,,,
retail,Riyadh/Grocery,rolling,0,sarima,classical,730,2025-10-09,2025-10-22,14,11.09328979998827,,135.32048442588794,140.64937876651686,25.973221578865246,1.370127721930861,,26.82528267260861,23.353431210373582,7294.0,521.0,False,1.0,244.91251737824564,47.008160725191104,5.479601647617884,6.766024221294403,6.122812934456144,0,analytic (state-space),"(2, 1, 1)","(1, 0, 1, 7)",-6079.613078352572,-6052.137571080511,2.590969817069803e-19,False,-0.5375,,,,,
retail,Riyadh/Grocery,rolling,1,sarima,classical,730,2025-10-23,2025-11-05,14,9.739727900014259,,110.750634441331,117.32245916172748,20.70658229405227,1.1500733755756969,,21.21659120858658,18.920411875620243,7488.0,534.8571428571429,False,1.0,230.1436470562678,43.02899384064836,5.96965063074684,5.537531722066555,5.753591176406697,0,analytic (state-space),"(1, 1, 1)","(1, 0, 1, 7)",-6238.784232043103,-6215.8879759830525,1.0718665471199623e-25,False,-0.55,,,,,
retail,Riyadh/Grocery,rolling,2,sarima,classical,730,2025-11-06,2025-11-19,14,11.471858999924734,,97.39216608676232,101.58209369817111,17.744538329186263,1.0132171071821279,,18.609052778211712,16.844167895672626,7684.0,548.8571428571429,False,1.0,227.2516311207496,41.404513738814344,6.4929732516993655,4.86960830433812,5.681290778018743,0,analytic (state-space),"(1, 1, 1)","(1, 0, 1, 7)",-6720.847882264397,-6697.951626204347,1.0948272266516985e-25,False,-0.6,,,,,
retail,Riyadh/Grocery,rolling,3,sarima,classical,730,2025-11-20,2025-12-03,14,7.2167860000627115,,38.04988422266875,48.082236061148265,6.597701004673799,0.3963643819408914,,6.790446857708552,7.171327238875189,8074.0,576.7142857142857,False,1.0,379.20697953686755,65.75300611241201,8.815501843150885,10.1448471336925,9.480174488421692,0,analytic (state-space),"(0, 1, 1)","(0, 1, 1, 7)",-6562.832682902481,-6549.124238641238,1.3328078835329409e-09,False,-0.6,,,,,
retail,Riyadh/Grocery,rolling,4,sarima,classical,730,2025-12-04,2025-12-17,14,7.455803400021978,,41.160959799059256,48.39697406327819,6.744539292917014,0.4302166153661088,,7.143433977516259,7.080765462277459,8544.0,610.2857142857143,False,1.0,468.8350367298241,76.82222043793934,8.193644566707855,15.248107269783366,11.72087591824561,0,analytic (state-space),"(0, 1, 1)","(0, 1, 1, 7)",-6685.055362771599,-6671.346918510356,3.194466243554706e-09,False,-0.6125,,,,,
retail,Riyadh/Grocery,rolling,5,sarima,classical,730,2025-12-18,2025-12-31,14,8.450374899897724,,73.9551516777358,85.54930157260706,11.487541589795864,0.770565998890373,,11.05517699491202,10.384245396661536,9013.0,643.7857142857143,False,1.0,620.7708430801001,96.42507270743815,7.197504587635197,23.841037566369828,15.519271077002513,0,analytic (state-space),"(0, 1, 1)","(0, 1, 1, 7)",-6680.313896339836,-6666.605452078593,1.8526710432438558e-09,False,-0.6125,,,,,
retail,Riyadh/Grocery,rolling,0,ets,classical,730,2025-10-09,2025-10-22,14,0.5005419999361038,,32.99635573215486,39.374229769408146,6.333273653004771,0.3340900079032583,,6.0291198701309545,6.177369899300216,7294.0,521.0,False,1.0,291.35105204754814,55.921507110853774,6.946572721036962,7.620979881340453,7.283776301188707,0,analytic (state-space),,,-6157.994990833528,-6098.285411889677,4.4538932437967416e-08,False,-0.5375,Holt-Winters-add,,,,
retail,Riyadh/Grocery,rolling,1,ets,classical,730,2025-10-23,2025-11-05,14,0.43369229999370873,,34.33307623425712,41.794374749273615,6.419111475422004,0.3565266878859,,6.271809399626482,6.47483013443632,7488.0,534.8571428571429,False,1.0,278.83995982107325,52.133539496461346,6.961728518439268,6.9802694726144,6.970998995526834,0,analytic (state-space),,,-6308.75753326348,-6244.454909785485,1.1410098640163579e-06,False,-0.55,Holt-Winters-damped,,,,
retail,Riyadh/Grocery,rolling,2,ets,classical,730,2025-11-06,2025-11-19,14,0.49211200000718236,,43.39895873510672,57.2341909784298,7.907150212018403,0.45150004554912737,,7.139939067206337,7.527472873066985,7684.0,548.8571428571429,False,1.0,270.58042209661903,49.29887961156515,7.494442886952406,6.034578217878551,6.764510552415478,0,analytic (state-space),,,-6822.032541345578,-6762.322962401726,1.2996433050562378e-06,False,-0.6,Holt-Winters-add,,,,
retail,Riyadh/Grocery,rolling,3,ets,classical,730,2025-11-20,2025-12-03,14,0.5930707000661641,,52.35826794730723,57.897600624194204,9.078718742411459,0.545414340631979,,8.838891837709488,9.329183310821195,8074.0,576.7142857142857,False,1.0,287.49609686164194,49.850697994339704,8.314573160194097,6.0602316828880065,7.1874024215410515,0,analytic (state-space),,,-6826.390585661295,-6766.681006717443,8.784510423974621e-07,False,-0.6,Holt-Winters-add,,,,
retail,Riyadh/Grocery,rolling,4,ets,classical,730,2025-12-04,2025-12-17,14,0.4577881000004709,,50.89562312489105,62.46518578455986,8.339638620651623,0.5319638517817101,,8.131432637846457,8.384090471494513,8544.0,610.2857142857143,False,1.0,340.69049743253055,55.824753792783554,8.059213642147045,8.975311229479491,8.517262435813269,0,analytic (state-space),,,-6948.171586820901,-6888.4620078770495,5.398347229467181e-07,False,-0.6125,Holt-Winters-add,,,,
retail,Riyadh/Grocery,rolling,5,ets,classical,730,2025-12-18,2025-12-31,14,0.5372703999746591,,20.25424869802671,23.105341192065403,3.1461165180558517,0.21103648665042965,,3.234029749472763,3.2195778643064563,9013.0,643.7857142857143,False,1.0,404.2954753736932,62.79969660747481,7.723959210308965,12.490814558375703,10.107386884342334,0,analytic (state-space),,,-6942.720607375719,-6883.011028431867,7.083528929165231e-07,False,-0.6125,Holt-Winters-add,,,,
retail,Riyadh/Grocery,rolling,0,prophet,gam,730,2025-10-09,2025-10-22,14,0.5207575999666005,,23.89625452798315,30.541406828663114,4.586613153163753,0.24195095752141693,,4.663143493580528,4.53963452094198,7294.0,521.0,False,1.0,408.1566589964056,78.3410094043005,9.368961817251568,11.03887113256872,10.203916474910145,0,native (Prophet MAP trend + observation noise),,,,,,,,,,,,
retail,Riyadh/Grocery,rolling,1,prophet,gam,730,2025-10-23,2025-11-05,14,0.504158700001426,,33.14266286391218,38.351749620356415,6.196544873060503,0.3441650185368336,,6.074507729916156,6.17905390725831,7488.0,534.8571428571429,False,1.0,410.61015312689324,76.77006068077597,10.598108322982393,9.932399333362278,10.265253828172336,0,native (Prophet MAP trend + observation noise),,,,,,,,,,,,
retail,Riyadh/Grocery,rolling,2,prophet,gam,730,2025-11-06,2025-11-19,14,0.47866240004077554,,43.710493684276365,49.59707937747867,7.963910874282525,0.4547410920589935,,8.021099296142554,8.46435676648188,7684.0,548.8571428571429,False,1.0,408.2190445590497,74.37619239753637,12.528720760412753,7.8822314675397385,10.205476113976246,0,native (Prophet MAP trend + observation noise),,,,,,,,,,,,
retail,Riyadh/Grocery,rolling,3,prophet,gam,730,2025-11-20,2025-12-03,14,0.493969599949196,,27.23905293787188,34.41800214013463,4.723145171293117,0.28374831101174786,,4.677356088048622,4.785320762351035,8074.0,576.7142857142857,False,1.0,406.68343990644644,70.51731680319855,10.739114575353733,9.595057419968596,10.167085997661164,0,native (Prophet MAP trend + observation noise),,,,,,,,,,,,
retail,Riyadh/Grocery,rolling,4,prophet,gam,730,2025-12-04,2025-12-17,14,0.4677175999386236,,41.9845401436288,53.4484946318867,6.879489255744418,0.438824722418337,,6.959320131553468,7.154345537035909,8544.0,610.2857142857143,False,1.0,411.02246182690607,67.3491861607758,11.093243926513889,9.457879164831425,10.275561545672657,0,native (Prophet MAP trend + observation noise),,,,,,,,,,,,
retail,Riyadh/Grocery,rolling,5,prophet,gam,730,2025-12-18,2025-12-31,14,0.48748760006856173,,23.63715955971637,29.214043884741983,3.6715880820595714,0.24628428248558779,,3.7061636213308775,3.786910990216029,9013.0,643.7857142857143,False,1.0,412.5939235627272,64.08870442558727,10.967917023443109,9.661779154693262,10.314848089068185,0,native (Prophet MAP trend + observation noise),,,,,,,,,,,,
retail,Riyadh/Grocery,rolling,0,sktime_theta,gam,730,2025-10-09,2025-10-22,14,0.07547059992793947,,35.75103584875548,42.62181129379389,6.862003041987616,0.3619813032146738,,6.48794959064143,6.689492871119315,7294.0,521.0,False,1.0,309.62931418561254,59.429810784186664,7.23724554892479,8.244220160355846,7.740732854640318,0,sktime predict_interval / predict_quantiles,,,,,,,-0.5375,,7.0,,,
retail,Riyadh/Grocery,rolling,1,sktime_theta,gam,730,2025-10-23,2025-11-05,14,0.08487190003506839,,37.51698443354762,44.85081820458212,7.014393457126958,0.38958950570859086,,6.810943621521878,7.063094034314384,7488.0,534.8571428571429,False,1.0,294.5371236192896,55.068372471555215,7.215941496057478,7.5109146849070125,7.363428090482245,0,sktime predict_interval / predict_quantiles,,,,,,,-0.55,,7.0,,,
retail,Riyadh/Grocery,rolling,2,sktime_theta,gam,730,2025-11-06,2025-11-19,14,0.07361750002019107,,47.23814776258674,61.128090297052694,8.606638061897637,0.4914409582184617,,7.804911946332603,8.258660195861536,7684.0,548.8571428571429,False,1.0,286.8450254933876,52.26223785668176,7.778099498195909,6.564151776473478,7.171125637334693,0,sktime predict_interval / predict_quantiles,,,,,,,-0.6,,7.0,,,
retail,Riyadh/Grocery,rolling,3,sktime_theta,gam,730,2025-11-20,2025-12-03,14,0.07582000002730638,,56.54090931873962,62.42628374582267,9.803972386207018,0.5889847770718489,,9.5249359431685,10.09690532674244,8074.0,576.7142857142857,False,1.0,304.1339078920746,52.7356293099956,8.610411865155076,6.59628352944866,7.603347697301867,0,sktime predict_interval / predict_quantiles,,,,,,,-0.6,,7.0,,,
retail,Riyadh/Grocery,rolling,4,sktime_theta,gam,730,2025-12-04,2025-12-17,14,0.07409399992320687,,53.7712415407655,66.35423886928905,8.810830776810826,0.5620199736020335,,8.462520965534086,8.805310917989406,8544.0,610.2857142857143,False,1.0,360.06707399473123,58.999754633968124,8.413522165669884,9.589831534066688,9.001676849868286,0,sktime predict_interval / predict_quantiles,,,,,,,-0.6125,,7.0,,,
retail,Riyadh/Grocery,rolling,5,sktime_theta,gam,730,2025-12-18,2025-12-31,14,0.0744932999368757,,18.8971154669228,23.47999268009027,2.935311400609333,0.19689601502500625,,3.01934684285392,3.0385451790206153,9013.0,643.7857142857143,False,1.0,426.65674072926805,66.27309852668093,8.100157127913624,13.232679908549787,10.666418518231705,0,sktime predict_interval / predict_quantiles,,,,,,,-0.6125,,7.0,,,
retail,Riyadh/Grocery,rolling,0,lgbm_quantile,ml,730,2025-10-09,2025-10-22,14,3.44649370003026,,26.392478352590512,35.906754390159726,5.06573480855864,0.2672253679460409,,5.50804997211936,5.2379619640301955,7294.0,521.0,False,0.7857142857142857,114.02623486172926,21.88603356271195,6.049734128397086,4.08781298124602,5.0687735548215525,0,quantile objective (alpha=0.05/0.95),,,,,,,-0.5375,,,9737.0,,
retail,Riyadh/Grocery,rolling,1,lgbm_quantile,ml,730,2025-10-23,2025-11-05,14,3.9502391000278294,,46.45071271799437,54.94147516335239,8.684695219710486,0.4823604690208826,,8.371609354396638,8.851896672915425,7488.0,534.8571428571429,False,0.5714285714285714,75.21596298126842,14.062813591583303,3.308583994498744,10.221423999951297,6.76500399722502,0,quantile objective (alpha=0.05/0.95),,,,,,,-0.55,,,9737.0,,
retail,Riyadh/Grocery,rolling,2,lgbm_quantile,ml,730,2025-11-06,2025-11-19,14,4.089609600021504,,31.394483592867367,44.44637945961218,5.719973585374065,0.3266117710032679,,5.30711736681159,5.558236201432876,7684.0,548.8571428571429,False,0.7142857142857143,67.3438296700947,12.269828414645053,3.0562016929755664,11.04876172741531,7.052481710195438,0,quantile objective (alpha=0.05/0.95),,,,,,,-0.6,,,9737.0,,
retail,Riyadh/Grocery,rolling,3,lgbm_quantile,ml,730,2025-11-20,2025-12-03,14,4.985981700010598,,27.51649111654687,31.39222044120951,4.771251865638546,0.2866383753171684,,4.863064923313582,4.935829454988765,8074.0,576.7142857142857,False,0.5714285714285714,71.18497441705598,12.343195960351547,2.8888845279274746,6.189605810512203,4.539245169219839,0,quantile objective (alpha=0.05/0.95),,,,,,,-0.6,,,9737.0,,
retail,Riyadh/Grocery,rolling,4,lgbm_quantile,ml,730,2025-12-04,2025-12-17,14,4.161888599977829,,35.878980492075435,45.59512566720376,5.879046428944945,0.3750090771799769,,6.12349297363783,6.164295251146542,8544.0,610.2857142857143,False,0.5,87.45922851178476,14.330866095095814,7.109889502893068,15.216399041868328,11.163144272380698,0,quantile objective (alpha=0.05/0.95),,,,,,,-0.6125,,,9737.0,,
retail,Riyadh/Grocery,rolling,5,lgbm_quantile,ml,730,2025-12-18,2025-12-31,14,3.78108969994355,,22.506563973677935,26.62454489495544,3.495971326212039,0.23450419012781593,,3.6472930127804406,3.6562388541086026,9013.0,643.7857142857143,False,1.0,105.46207492794693,16.38154941741104,2.9178343854104347,2.355269360986914,2.636551873198674,0,quantile objective (alpha=0.05/0.95),,,,,,,-0.6125,,,9737.0,,
retail,Riyadh/Grocery,rolling,0,lgbm_conformal,ml,730,2025-10-09,2025-10-22,14,2.7020218999823555,,37.43099374500973,54.81399049136384,7.184451774474036,0.37899097396112474,,7.779884637246752,7.18524699692397,7294.0,521.0,False,0.9285714285714286,291.4068502312712,55.93221693498488,5.418023992277753,10.367784009184565,7.892904000731159,0,"split conformal (per-horizon, refit each fold)",,,,,,,-0.5375,,,9737.0,0.008797688945541449,0.008279594771434695
retail,Riyadh/Grocery,rolling,1,lgbm_conformal,ml,730,2025-10-23,2025-11-05,14,2.2815866000019014,,39.256002581917635,50.54290847912327,7.339530397260241,0.4076480792072626,,6.979868741307582,7.371346661728774,7488.0,534.8571428571429,False,1.0,266.3091252089563,49.79070182859759,7.076426990163733,6.239029270284091,6.657728130223912,0,"split conformal (per-horizon, refit each fold)",,,,,,,-0.55,,,9737.0,0.00844114453766065,0.00796072133043424
retail,Riyadh/Grocery,rolling,2,lgbm_conformal,ml,730,2025-11-06,2025-11-19,14,2.3430773000000045,,34.32894711234344,44.6485567369136,6.254623367683604,0.3571403931481569,,5.952323983560971,6.147083989393973,7684.0,548.8571428571429,False,1.0,304.39811998190686,55.46035502012878,6.903951947540114,8.315954051555236,7.609952999547675,0,"split conformal (per-horizon, refit each fold)",,,,,,,-0.6,,,9737.0,0.006396623138625879,0.006150504928986056
retail,Riyadh/Grocery,rolling,3,lgbm_conformal,ml,730,2025-11-20,2025-12-03,14,2.5681435998994857,,29.371279836135166,32.496810347199734,5.092864970347936,0.30595964789104296,,5.016398417172795,5.068959698398548,8074.0,576.7142857142857,False,1.0,310.2852610550234,53.802249873301065,6.309484901429594,9.204778151321586,7.75713152637559,0,"split conformal (per-horizon, refit each fold)",,,,,,,-0.6,,,9737.0,0.006215548501081303,0.004239152877355323
retail,Riyadh/Grocery,rolling,4,lgbm_conformal,ml,730,2025-12-04,2025-12-17,14,2.4384493000106886,,38.293828941881216,46.605497673656274,6.274737888416866,0.40024920597603286,,6.557948505331355,6.586037700310456,8544.0,610.2857142857143,False,0.9285714285714286,226.00937733833138,37.03337175487639,5.005975541859873,6.476175503463951,5.741075522661912,0,"split conformal (per-horizon, refit each fold)",,,,,,,-0.6125,,,9737.0,0.0035716005533610318,0.0032779231170130263
retail,Riyadh/Grocery,rolling,5,lgbm_conformal,ml,730,2025-12-18,2025-12-31,14,2.4331656000576913,,21.572338379117088,25.91783773150639,3.3508569544839593,0.22477014912958143,,3.6228034693295053,3.6089316003335656,9013.0,643.7857142857143,False,1.0,226.9011788301271,35.244829730631075,4.703218728319235,6.641840213187126,5.67252947075318,0,"split conformal (per-horizon, refit each fold)",,,,,,,-0.6125,,,9737.0,0.0032302384473259504,0.00320986823703584
retail,Dammam/Electronics,expanding,0,lgbm_global,ml,1012,2025-10-09,2025-10-22,14,,,16.760574298734777,20.40626930647486,13.827226881690446,0.7462179227496767,,13.5338885305926,14.16863987375489,1697.0,121.21428571428571,False,0.42857142857142855,24.60400069246985,20.297938108107125,2.3001617647771853,5.698939329877912,3.9995505473275488,0,split conformal on pooled train residuals,,,,,,,,,,82110.0,,
retail,Dammam/Grocery,expanding,0,lgbm_global,ml,1012,2025-10-09,2025-10-22,14,,,45.173852596075925,59.27148061892437,11.621351274256945,0.6789352593736456,,11.664032476046874,11.52783180844922,5442.0,388.7142857142857,False,1.0,5611.8703610212315,1443.7005706412576,11.448871779768456,269.1446462712934,140.29675902553095,0,split conformal on pooled train residuals,,,,,,,,,,82110.0,,
retail,Jeddah/Electronics,expanding,0,lgbm_global,ml,1012,2025-10-09,2025-10-22,14,,,21.994122953928134,25.636785381963406,15.734170738630246,0.6914443683901956,,16.129243492230085,15.49336842154571,1957.0,139.78571428571428,False,0.42857142857142855,38.04103936235117,27.21382478655679,4.4985935824038465,4.262093650540673,4.38034361647226,0,split conformal on pooled train residuals,,,,,,,,,,82110.0,,
retail,Jeddah/Grocery,expanding,0,lgbm_global,ml,1012,2025-10-09,2025-10-22,14,,,37.46842855827689,50.00491783909387,7.876246243481629,0.4739734754121398,,7.281177251592627,7.060855479251474,6660.0,475.7142857142857,False,1.0,15999.321915048258,3363.220822983117,16.251810038127097,783.7142857142865,399.9830478762068,0,split conformal on pooled train residuals,,,,,,,,,,82110.0,,
retail,Riyadh/Electronics,expanding,0,lgbm_global,ml,1012,2025-10-09,2025-10-22,14,,,18.277461986936284,23.78430376190731,10.911917604141067,0.4969792293734197,,11.25141432351261,10.753713155892301,2345.0,167.5,False,0.8571428571428571,62.06017612780714,37.05085141958635,3.259762614474578,1.9047510418354225,2.5822568281550002,0,split conformal on pooled train residuals,,,,,,,,,,82110.0,,
retail,Riyadh/Grocery,expanding,0,lgbm_global,ml,1012,2025-10-09,2025-10-22,14,,,31.19502068664372,38.391362363381305,5.98752796288747,0.33894800573087125,,6.494089573950745,6.1910659772539,7294.0,521.0,False,1.0,1506.8824820659518,289.22888331400225,12.728291649081731,62.61583245421592,37.67206205164882,0,split conformal on pooled train residuals,,,,,,,,,,82110.0,,
retail,Dammam/Electronics,expanding,1,lgbm_global,ml,1026,2025-10-23,2025-11-05,14,,,14.663516501756021,18.52366188519933,13.151135876014369,0.6556726190394219,,14.561911084472115,13.62512458614678,1561.0,111.5,False,0.42857142857142855,24.728524276597845,22.17804867856309,4.32343079298851,2.8119812054681597,3.567705999228335,0,split conformal on pooled train residuals,,,,,,,,,,83286.0,,
retail,Dammam/Grocery,expanding,1,lgbm_global,ml,1026,2025-10-23,2025-11-05,14,,,29.441434281650974,35.58898294502645,7.83314481077753,0.44138977376454475,,8.097965398418282,7.644259911344855,5262.0,375.85714285714283,False,1.0,3297.184720145623,877.2441292671746,10.412821449073684,154.44641455820758,82.42961800364063,0,split conformal on pooled train residuals,,,,,,,,,,83286.0,,
retail,Jeddah/Electronics,expanding,1,lgbm_global,ml,1026,2025-10-23,2025-11-05,14,,,11.130559696044136,15.208071875174811,7.954458179919239,0.35216072065914167,,9.979403356214679,8.936148709106007,1959.0,139.92857142857142,False,0.7857142857142857,40.73197951177577,29.109122673040368,3.2300914791083963,1.3632496303192474,2.2966705547138218,0,split conformal on pooled train residuals,,,,,,,,,,83286.0,,
retail,Jeddah/Grocery,expanding,1,lgbm_global,ml,1026,2025-10-23,2025-11-05,14,,,49.348862428337114,71.23002048964887,10.968154849924108,0.6302118082347514,,10.24417760900083,9.474594520823924,6299.0,449.92857142857144,False,1.0,16000.338150293906,3556.1951754899937,15.013336086124,785.0035714285722,400.0084537573481,0,split conformal on pooled train residuals,,,,,,,,,,83286.0,,
retail,Riyadh/Electronics,expanding,1,lgbm_global,ml,1026,2025-10-23,2025-11-05,14,,,20.595386722985413,26.42140155032834,12.602072295533032,0.5637494042152775,,14.44199868868381,12.973174509034587,2288.0,163.42857142857142,False,0.6428571428571429,64.94276054438055,39.73770313030279,4.871942859599827,2.4827040225274124,3.6773234410636197,0,split conformal on pooled train residuals,,,,,,,,,,83286.0,,
retail,Riyadh/Grocery,expanding,1,lgbm_global,ml,1026,2025-10-23,2025-11-05,14,,,27.47168562245309,35.08542787917261,5.136266008471464,0.3010166741860458,,5.164021049524559,5.1914755696371095,7488.0,534.8571428571429,False,1.0,1373.4161444722542,256.7818646182099,13.749186607277991,54.92162061633479,34.33540361180639,0,split conformal on pooled train residuals,,,,,,,,,,83286.0,,
retail,Dammam/Electronics,expanding,2,lgbm_global,ml,1040,2025-11-06,2025-11-19,14,,,15.284948785213414,23.104476984035653,12.875408122321769,0.6826647107581588,,11.622830810858693,12.57925459958125,1662.0,118.71428571428571,False,0.5714285714285714,23.574152795626592,19.857890441562713,1.499235028453786,7.33276865831053,4.416001843382158,0,split conformal on pooled train residuals,,,,,,,,,,84462.0,,
retail,Dammam/Grocery,expanding,2,lgbm_global,ml,1040,2025-11-06,2025-11-19,14,,,17.785873839231886,23.576690639858704,4.79403607526466,0.26884806151577484,,4.969206178732627,4.825824681908186,5194.0,371.0,False,1.0,5036.191569381445,1357.4640348737048,10.93098656014898,240.87859190892345,125.90478923453622,0,split conformal on pooled train residuals,,,,,,,,,,84462.0,,
retail,Jeddah/Electronics,expanding,2,lgbm_global,ml,1040,2025-11-06,2025-11-19,14,,,16.377018951376662,20.87831093832869,10.949296338074177,0.5213232435602013,,10.52830485463808,11.264157996163272,2094.0,149.57142857142858,False,0.8571428571428571,37.07852877522896,24.789847318682206,1.4037227674110662,3.6005178333380887,2.5021203003745773,0,split conformal on pooled train residuals,,,,,,,,,,84462.0,,
retail,Jeddah/Grocery,expanding,2,lgbm_global,ml,1040,2025-11-06,2025-11-19,14,,,34.1214839571557,41.45414409791198,7.318841357441087,0.4387672927407396,,6.989102551874218,6.928282055078502,6527.0,466.2142857142857,False,1.0,16020.57782825999,3436.312082053621,16.839605698713598,784.1892857142865,400.51444570650006,0,split conformal on pooled train residuals,,,,,,,,,,84462.0,,
retail,Riyadh/Electronics,expanding,2,lgbm_global,ml,1040,2025-11-06,2025-11-19,14,,,21.025105266977953,30.747099402527958,12.25443271181063,0.5781847976996121,,11.38077687770338,12.004879975376744,2402.0,171.57142857142858,False,0.7857142857142857,59.972500205702254,34.954829428802306,2.6727463078840765,6.144945068123806,4.408845688003941,0,split conformal on pooled train residuals,,,,,,,,,,84462.0,,
retail,Riyadh/Grocery,expanding,2,lgbm_global,ml,1040,2025-11-06,2025-11-19,14,,,37.23882291844195,51.126394024944176,6.784793347972244,0.4110895439460383,,6.1063219041354495,6.367077631919046,7684.0,548.8571428571429,False,1.0,1444.8589778116655,263.24864249561836,14.659408321299793,57.58354056928352,36.12147444529165,0,split conformal on pooled train residuals,,,,,,,,,,84462.0,,
retail,Dammam/Electronics,expanding,3,lgbm_global,ml,1054,2025-11-20,2025-12-03,14,,,19.28250148864831,24.73578036357696,15.907779660640916,0.8631002974911197,,16.211426122675547,16.05652897464102,1697.0,121.21428571428571,False,0.42857142857142855,26.067003179633424,21.504893607240305,3.736965541993761,6.605243375455167,5.171104458724464,0,split conformal on pooled train residuals,,,,,,,,,,85638.0,,
retail,Dammam/Grocery,expanding,3,lgbm_global,ml,1054,2025-11-20,2025-12-03,14,,,32.50705623179675,39.38380418209544,7.927169260497379,0.4955286220181003,,7.57836288330513,7.737297016479359,5741.0,410.07142857142856,False,1.0,5697.530855518819,1389.399616395462,12.781338872592713,272.09520390334853,142.43827138797062,0,split conformal on pooled train residuals,,,,,,,,,,85638.0,,
retail,Jeddah/Electronics,expanding,3,lgbm_global,ml,1054,2025-11-20,2025-12-03,14,,,18.09086672477262,21.959015012096245,11.714714807900865,0.5779318197606924,,12.27802878672248,12.79988231056831,2162.0,154.42857142857142,False,0.5,40.823479075047054,26.435185339993467,1.6750194686994357,5.505828191969956,3.5904238303346956,0,split conformal on pooled train residuals,,,,,,,,,,85638.0,,
retail,Jeddah/Grocery,expanding,3,lgbm_global,ml,1054,2025-11-20,2025-12-03,14,,,42.669072393103015,60.999461543210394,8.410066359333271,0.5531694604521843,,7.866038802764407,7.697791133872898,7103.0,507.35714285714283,False,1.0,16016.993883958301,3156.9465630778013,18.717551340772044,782.1321428571437,400.42484709895785,0,split conformal on pooled train residuals,,,,,,,,,,85638.0,,
retail,Riyadh/Electronics,expanding,3,lgbm_global,ml,1054,2025-11-20,2025-12-03,14,,,31.107982556857394,38.46802674419546,19.44248909803587,0.8560029892252016,,19.218190343483325,17.729530066561612,2240.0,160.0,False,0.5714285714285714,67.53103829131285,42.20689893207054,5.676001417551276,4.965941329489351,5.3209713735203135,0,split conformal on pooled train residuals,,,,,,,,,,85638.0,,
retail,Riyadh/Grocery,expanding,3,lgbm_global,ml,1054,2025-11-20,2025-12-03,14,,,28.8259570490954,32.137348921176425,4.998308133358133,0.32112333915415103,,5.002144356439381,5.091891641599178,8074.0,576.7142857142857,False,1.0,1421.2895502671365,246.44604537701156,14.870468283039644,56.19400923031725,35.532238756678446,0,split conformal on pooled train residuals,,,,,,,,,,85638.0,,
retail,Dammam/Electronics,expanding,4,lgbm_global,ml,1068,2025-12-04,2025-12-17,14,,,19.11979725735757,20.201066550517773,15.44588353162181,0.8564235610274151,,16.957219587600147,15.686761254578649,1733.0,123.78571428571429,False,0.2857142857142857,30.421060798132178,24.575582872120627,5.223524976588586,2.478843877438549,3.8511844270135676,0,split conformal on pooled train residuals,,,,,,,,,,86814.0,,
retail,Dammam/Grocery,expanding,4,lgbm_global,ml,1068,2025-12-04,2025-12-17,14,,,26.67921851663346,35.283719620747775,6.2407528693879435,0.4094876220022292,,6.10347432363575,6.181319377963179,5985.0,427.5,False,1.0,6682.223775248481,1563.0932807598786,13.411272440720266,320.6999163217041,167.0555943812122,0,split conformal on pooled train residuals,,,,,,,,,,86814.0,,
retail,Jeddah/Electronics,expanding,4,lgbm_global,ml,1068,2025-12-04,2025-12-17,14,,,21.696398958397104,26.382223021513497,12.942036021199806,0.6937250789518526,,13.409989087725565,12.847293735466556,2347.0,167.64285714285714,False,0.5714285714285714,49.62340677319742,29.600668718566848,3.964135701966952,2.8039174460266625,3.384026573996807,0,split conformal on pooled train residuals,,,,,,,,,,86814.0,,
retail,Jeddah/Grocery,expanding,4,lgbm_global,ml,1068,2025-12-04,2025-12-17,14,,,138.18400702617183,216.8161099383026,21.138287788094466,1.8037601369893494,,15.941032789718903,18.677166201501265,9152.0,653.7142857142857,False,1.0,16021.547408937446,2450.8485983951514,26.263084732586776,774.814285714286,400.5386852234364,0,split conformal on pooled train residuals,,,,,,,,,,86814.0,,
retail,Riyadh/Electronics,expanding,4,lgbm_global,ml,1068,2025-12-04,2025-12-17,14,,,32.70438928333562,42.524063855134216,16.7837774914479,0.9010245651792759,,15.108343179508674,16.259417935516478,2728.0,194.85714285714286,False,0.5,68.79373353677956,35.30470196169039,2.862270342511739,7.346800162404504,5.104535252458121,0,split conformal on pooled train residuals,,,,,,,,,,86814.0,,
retail,Riyadh/Grocery,expanding,4,lgbm_global,ml,1068,2025-12-04,2025-12-17,14,,,52.05398427821333,63.518461570260094,8.529444989407615,0.5848266814827275,,8.457054728721324,8.528460356806256,8544.0,610.2857142857143,False,1.0,1956.9904464024712,320.66791022512405,16.671836847220284,81.17768547290333,48.924761160061806,0,split conformal on pooled train residuals,,,,,,,,,,86814.0,,
retail,Dammam/Electronics,expanding,5,lgbm_global,ml,1082,2025-12-18,2025-12-31,14,,,19.289475891138274,25.426515781587817,13.495885181206187,0.8664627520881516,,13.374198958204184,13.413033608808785,2001.0,142.92857142857142,False,0.35714285714285715,29.816994999990175,20.861465767109568,3.506905661124086,5.175139877277748,4.341022769200917,0,split conformal on pooled train residuals,,,,,,,,,,87990.0,,
retail,Dammam/Grocery,expanding,5,lgbm_global,ml,1082,2025-12-18,2025-12-31,14,,,27.03747545640225,35.32774213047698,5.971362303038831,0.4168739582288578,,6.317311304768966,6.0927003625805,6339.0,452.7857142857143,False,1.0,9100.708302594812,2009.9371546983339,14.27295301762086,440.7624621121204,227.51770756487062,0,split conformal on pooled train residuals,,,,,,,,,,87990.0,,
retail,Jeddah/Electronics,expanding,5,lgbm_global,ml,1082,2025-12-18,2025-12-31,14,,,15.342677199660145,18.796126796705703,8.56790908636785,0.4919138056498749,,9.12550939359954,9.370232015395972,2507.0,179.07142857142858,False,0.6428571428571429,50.30586450322205,28.09262477244151,2.1348816190104,3.070358334046255,2.6026199765283273,0,split conformal on pooled train residuals,,,,,,,,,,87990.0,,
retail,Jeddah/Grocery,expanding,5,lgbm_global,ml,1082,2025-12-18,2025-12-31,14,,,205.7359408575835,308.77214117724463,36.7151455959996,2.6107697333573623,,33.30983893209351,25.490058535449318,7845.0,560.3571428571429,False,1.0,16043.656596981362,2863.1127132917663,22.700686991925746,779.482142857143,401.0914149245344,0,split conformal on pooled train residuals,,,,,,,,,,87990.0,,
retail,Riyadh/Electronics,expanding,5,lgbm_global,ml,1082,2025-12-18,2025-12-31,14,,,38.68927979876297,57.68168750404818,17.04373559416871,1.0664079327112175,,14.81016118346234,16.70718332538834,3178.0,227.0,False,0.7142857142857143,85.90978035633965,37.84571821865183,3.214137483484758,14.697657221944292,8.955897352714524,0,split conformal on pooled train residuals,,,,,,,,,,87990.0,,
retail,Riyadh/Grocery,expanding,5,lgbm_global,ml,1082,2025-12-18,2025-12-31,14,,,18.10146354149524,22.069966548121915,2.8117218415725436,0.2041832627553187,,2.966346481954895,2.978175800832367,9013.0,643.7857142857143,False,1.0,2395.9201891549214,372.16113001407854,17.725432545309282,102.0705769124369,59.89800472887309,0,split conformal on pooled train residuals,,,,,,,,,,87990.0,,
retail,Dammam/Electronics,rolling,0,lgbm_global,ml,730,2025-10-09,2025-10-22,14,,,14.927582523737703,19.073341212666488,12.315035670732343,0.6435300318801717,,12.856376793642038,13.147302765209284,1697.0,121.21428571428571,False,0.5714285714285714,25.264577288569818,20.842904068354596,2.6285951917951054,4.448573901463037,3.538584546629071,0,split conformal on pooled train residuals,,,,,,,,,,58422.0,,
retail,Dammam/Grocery,rolling,0,lgbm_global,ml,730,2025-10-09,2025-10-22,14,,,44.3400443407432,60.30894275994924,11.406847129187886,0.6604011300982083,,11.603697734419379,11.505822881219894,5442.0,388.7142857142857,False,1.0,4389.903284910971,1129.3393235713634,11.132319813492193,208.36284443205662,109.7475821227744,0,split conformal on pooled train residuals,,,,,,,,,,58422.0,,
retail,Jeddah/Electronics,rolling,0,lgbm_global,ml,730,2025-10-09,2025-10-22,14,,,24.288687399489334,29.105365102651227,17.375657822833453,0.7521295609829873,,17.907600472761228,16.881773962942777,1957.0,139.78571428571428,False,0.2857142857142857,26.71401023224996,19.11068693160447,8.76513254494094,5.531427126980035,7.148279835960487,0,split conformal on pooled train residuals,,,,,,,,,,58422.0,,
retail,Jeddah/Grocery,rolling,0,lgbm_global,ml,730,2025-10-09,2025-10-22,14,,,43.647478318758644,58.40013548113427,9.175145592531846,0.5035524234384225,,8.58034967534875,8.450786998055348,6660.0,475.7142857142857,False,1.0,16025.646930266163,3368.75460996586,17.568060799022447,783.7142857142865,400.64117325665444,0,split conformal on pooled train residuals,,,,,,,,,,58422.0,,
retail,Riyadh/Electronics,rolling,0,lgbm_global,ml,730,2025-10-09,2025-10-22,14,,,19.253592861105552,24.394811082063004,11.494682305137644,0.49362934888579124,,12.133570130791098,11.402630491414113,2345.0,167.5,False,0.7857142857142857,49.19976222011096,29.3729923702155,4.233018674179755,1.87808490236468,3.0555517882722176,0,split conformal on pooled train residuals,,,,,,,,,,58422.0,,
retail,Riyadh/Grocery,rolling,0,lgbm_global,ml,730,2025-10-09,2025-10-22,14,,,32.36583584349801,41.339452111470536,6.212252561132056,0.3277059576070842,,6.539685930069446,6.288337065953757,7294.0,521.0,False,1.0,1138.1666962343554,218.45809908528895,11.866627840225858,45.041706971491955,28.454167405858907,0,split conformal on pooled train residuals,,,,,,,,,,58422.0,,
retail,Dammam/Electronics,rolling,1,lgbm_global,ml,730,2025-10-23,2025-11-05,14,,,15.163428752802686,19.59081602616943,13.599487670675053,0.6533078474629844,,16.476361087419118,14.398556086982936,1561.0,111.5,False,0.5714285714285714,29.83279572365983,26.755870604179222,6.041955215506739,1.376431828265527,3.7091935218861334,0,split conformal on pooled train residuals,,,,,,,,,,58422.0,,
retail,Dammam/Grocery,rolling,1,lgbm_global,ml,730,2025-10-23,2025-11-05,14,,,27.733996227387355,35.37190113433139,7.378866347081393,0.40663704391314426,,7.850830822777921,7.3569784849290025,5262.0,375.85714285714283,False,1.0,4095.653555071332,1089.6835760357023,10.455560983853632,194.3271167697132,102.39133887678342,0,split conformal on pooled train residuals,,,,,,,,,,58422.0,,
retail,Jeddah/Electronics,rolling,1,lgbm_global,ml,730,2025-10-23,2025-11-05,14,,,9.78159120929855,14.632141801256855,6.990417403276146,0.30249755953303614,,8.452480104304058,7.693249107942095,1959.0,139.92857142857142,False,0.7142857142857143,25.240726942753593,18.038293884561018,3.119707183503883,1.4868259173578962,2.3032665504308896,0,split conformal on pooled train residuals,,,,,,,,,,58422.0,,
retail,Jeddah/Grocery,rolling,1,lgbm_global,ml,730,2025-10-23,2025-11-05,14,,,72.23793469090499,99.88998088179532,16.055422855575006,0.8454967749388771,,15.013473358340615,13.90134491500449,6299.0,449.92857142857144,False,1.0,16051.665025137821,3567.602958436728,17.579679828319627,785.0035714285722,401.2916256284459,0,split conformal on pooled train residuals,,,,,,,,,,58422.0,,
retail,Riyadh/Electronics,rolling,1,lgbm_global,ml,730,2025-10-23,2025-11-05,14,,,25.83613560035706,33.86212701204936,15.808824230987712,0.6634061170955057,,17.315672619698535,15.263570854561841,2288.0,163.42857142857142,False,0.5714285714285714,52.47061644959118,32.10614642894566,8.975546667177273,2.8472564340082087,5.911401550592741,0,split conformal on pooled train residuals,,,,,,,,,,58422.0,,
retail,Riyadh/Grocery,rolling,1,lgbm_global,ml,730,2025-10-23,2025-11-05,14,,,32.48679222107762,39.7676361737518,6.073919485778402,0.3373542280799598,,5.979833012177064,6.0713254957039515,7488.0,534.8571428571429,False,1.0,1219.4158011150503,227.98906537941645,13.42997626425189,47.54081379150067,30.48539502787628,0,split conformal on pooled train residuals,,,,,,,,,,58422.0,,
retail,Dammam/Electronics,rolling,2,lgbm_global,ml,730,2025-11-06,2025-11-19,14,,,17.08076048445674,24.093835353353533,14.38812555850748,0.7304305808400203,,13.081503429794422,14.32113449480846,1662.0,118.71428571428571,False,0.42857142857142855,26.274304300399443,22.132386293958618,1.33103512621392,7.527102440089785,4.429068783151853,0,split conformal on pooled train residuals,,,,,,,,,,58422.0,,
retail,Dammam/Grocery,rolling,2,lgbm_global,ml,730,2025-11-06,2025-11-19,14,,,19.681549379366228,23.12131079756555,5.304999832713269,0.28882944366983543,,5.433661138328694,5.454997390212368,5194.0,371.0,False,1.0,5802.495023964136,1564.0148312571794,11.004954307162217,279.1197968910448,145.06237559910352,0,split conformal on pooled train residuals,,,,,,,,,,58422.0,,
retail,Jeddah/Electronics,rolling,2,lgbm_global,ml,730,2025-11-06,2025-11-19,14,,,21.030221446514958,27.57034232419583,14.060319973792234,0.661166678515907,,13.224499675304626,14.793646910167176,2094.0,149.57142857142858,False,0.35714285714285715,18.91963233824606,12.649228879438626,1.421904773479507,12.589260180113977,7.005582476796742,0,split conformal on pooled train residuals,,,,,,,,,,58422.0,,
retail,Jeddah/Grocery,rolling,2,lgbm_global,ml,730,2025-11-06,2025-11-19,14,,,108.18891916727912,124.96993395702928,23.205835274121462,1.286332427073999,,22.516285347941693,23.101849702470957,6527.0,466.2142857142857,False,1.0,16069.617339400891,3446.8307453901098,19.29158125575946,784.1892857142858,401.7404334850226,0,split conformal on pooled train residuals,,,,,,,,,,58422.0,,
retail,Riyadh/Electronics,rolling,2,lgbm_global,ml,730,2025-11-06,2025-11-19,14,,,26.44659312988684,37.10421361738173,15.414334047394492,0.680434391406291,,14.044071566887725,15.563292240009726,2402.0,171.57142857142858,False,0.6428571428571429,46.51862367324478,27.113269418210944,2.4640450779703245,9.505848808080609,5.9849469430254665,0,split conformal on pooled train residuals,,,,,,,,,,58422.0,,
retail,Riyadh/Grocery,rolling,2,lgbm_global,ml,730,2025-11-06,2025-11-19,14,,,42.16812507445671,56.5275539728676,7.68289629154599,0.43869509653551575,,6.893162503558209,7.276586362638896,7684.0,548.8571428571429,False,1.0,1954.5252087541637,356.10818483287727,15.460239152229141,82.26602128547916,48.863130218854145,0,split conformal on pooled train residuals,,,,,,,,,,58422.0,,
retail,Dammam/Electronics,rolling,3,lgbm_global,ml,730,2025-11-20,2025-12-03,14,,,21.32234752822256,26.645483366263978,17.59062259252303,0.9105225481604697,,18.519291417591475,18.011972697798257,1697.0,121.21428571428571,False,0.42857142857142855,28.078192610934234,23.164095259462538,4.984263134473132,6.870476777287778,5.9273699558804545,0,split conformal on pooled train residuals,,,,,,,,,,58422.0,,
retail,Dammam/Grocery,rolling,3,lgbm_global,ml,730,2025-11-20,2025-12-03,14,,,38.33785126955549,43.109221467195496,9.349066674338564,0.5620428344767245,,9.012577367128447,9.381892155686886,5741.0,410.07142857142856,False,1.0,12771.528782542931,3114.4644305103825,14.08001055571815,624.496428571429,319.28821956357353,0,split conformal on pooled train residuals,,,,,,,,,,58422.0,,
retail,Jeddah/Electronics,rolling,3,lgbm_global,ml,730,2025-11-20,2025-12-03,14,,,17.353472078765368,21.51418352755826,11.23721596219774,0.5455263408386174,,11.828539709182673,12.243396581136174,2162.0,154.42857142857142,False,0.35714285714285715,23.34581969850615,15.117552071188072,3.1227443171198948,6.810147112864977,4.966445714992435,0,split conformal on pooled train residuals,,,,,,,,,,58422.0,,
retail,Jeddah/Grocery,rolling,3,lgbm_global,ml,730,2025-11-20,2025-12-03,14,,,232.29507392900123,365.52564355541153,45.78531655646934,2.7736381696833776,,39.83360871621217,30.482057826374948,7103.0,507.35714285714283,False,1.0,16089.802627978383,3171.2971531986113,22.35798854177628,782.1321428571437,402.24506569946,0,split conformal on pooled train residuals,,,,,,,,,,58422.0,,
retail,Riyadh/Electronics,rolling,3,lgbm_global,ml,730,2025-11-20,2025-12-03,14,,,25.51097675092078,32.29109191744642,15.944360469325488,0.6573447446778475,,15.506615618377225,15.001148666191064,2240.0,160.0,False,0.6428571428571429,56.46477163307173,35.290482270669834,4.16001329244755,5.569941506630677,4.8649773995391135,0,split conformal on pooled train residuals,,,,,,,,,,58422.0,,
retail,Riyadh/Grocery,rolling,3,lgbm_global,ml,730,2025-11-20,2025-12-03,14,,,36.9049209263337,41.89777668371941,6.399168850243645,0.3844373372581516,,6.262830102287766,6.4956161944577495,8074.0,576.7142857142857,False,1.0,2707.2489114633204,469.4263656240586,16.708142437362937,118.65430313580318,67.68122278658305,0,split conformal on pooled train residuals,,,,,,,,,,58422.0,,
retail,Dammam/Electronics,rolling,4,lgbm_global,ml,730,2025-12-04,2025-12-17,14,,,22.454365836174777,24.862626197066124,18.139706965172927,0.9542412566598697,,20.488394683021834,18.115272834305493,1733.0,123.78571428571429,False,0.21428571428571427,31.437035008821194,25.396335263906327,8.978441347669621,2.0311575926533676,5.504799470161494,0,split conformal on pooled train residuals,,,,,,,,,,58422.0,,
retail,Dammam/Grocery,rolling,4,lgbm_global,ml,730,2025-12-04,2025-12-17,14,,,29.664520493856507,36.476179503226774,6.9390691213699425,0.4381322176225334,,6.8500627134864684,6.958296626143339,5985.0,427.5,False,1.0,12751.259808438992,2982.75083238339,13.937990421950106,623.6250000000002,318.78149521097515,0,split conformal on pooled train residuals,,,,,,,,,,58422.0,,
retail,Jeddah/Electronics,rolling,4,lgbm_global,ml,730,2025-12-04,2025-12-17,14,,,23.30331548135248,28.51304354259216,13.900571654833179,0.7312311571988127,,14.164209617652793,13.734588700007816,2347.0,167.64285714285714,False,0.2857142857142857,32.44818916350908,19.355545304180957,6.234073519318288,5.0159348138488316,5.62500416658356,0,split conformal on pooled train residuals,,,,,,,,,,58422.0,,
retail,Jeddah/Grocery,rolling,4,lgbm_global,ml,730,2025-12-04,2025-12-17,14,,,219.51489155978499,339.01654958680297,33.57963813196012,2.6192673509765907,,30.84866518766826,26.49539854241814,9152.0,653.7142857142857,False,1.0,16079.31182741817,2459.6849386347726,29.15130565662289,774.8142857142864,401.9827956854546,0,split conformal on pooled train residuals,,,,,,,,,,58422.0,,
retail,Riyadh/Electronics,rolling,4,lgbm_global,ml,730,2025-12-04,2025-12-17,14,,,32.91860642791354,40.69567721201982,16.893712976201964,0.8486112974178667,,15.691961970688812,16.600079764545406,2728.0,194.85714285714286,False,0.42857142857142855,54.30554317220929,27.869413651427056,2.895437684876734,9.91284081940627,6.404139252141502,0,split conformal on pooled train residuals,,,,,,,,,,58422.0,,
retail,Riyadh/Grocery,rolling,4,lgbm_global,ml,730,2025-12-04,2025-12-17,14,,,64.29661495248546,77.92595562345888,10.535494023113253,0.6720317553185056,,10.536557012792077,10.538046471261865,8544.0,610.2857142857143,False,1.0,3589.409865778959,588.1523656473013,17.699414185962514,161.77107910298562,89.73524664447407,0,split conformal on pooled train residuals,,,,,,,,,,58422.0,,
retail,Dammam/Electronics,rolling,5,lgbm_global,ml,730,2025-12-18,2025-12-31,14,,,19.985433209551186,25.919577539578974,13.982811840765446,0.8506692694280883,,14.078266605359563,14.044072583534087,2001.0,142.92857142857142,False,0.5714285714285714,27.53942660281727,19.267964639652263,3.7890849831357087,6.259606689570886,5.024345836353298,0,split conformal on pooled train residuals,,,,,,,,,,58422.0,,
retail,Dammam/Grocery,rolling,5,lgbm_global,ml,730,2025-12-18,2025-12-31,14,,,28.849722207228375,36.655516085056384,6.371606103505241,0.43158181576300675,,6.62772656438597,6.467076244384981,6339.0,452.7857142857143,False,1.0,12737.21511505305,2813.077955682958,14.500041466938516,622.3607142857144,318.4303778763265,0,split conformal on pooled train residuals,,,,,,,,,,58422.0,,
retail,Jeddah/Electronics,rolling,5,lgbm_global,ml,730,2025-12-18,2025-12-31,14,,,17.73017631010702,21.831136102442734,9.90117544242115,0.5660065997972172,,10.1723827364717,10.46328498998068,2507.0,179.07142857142858,False,0.5,30.612906491975,17.095360625753887,2.8770215833509645,5.392195326408684,4.1346084548798245,0,split conformal on pooled train residuals,,,,,,,,,,58422.0,,
retail,Jeddah/Grocery,rolling,5,lgbm_global,ml,730,2025-12-18,2025-12-31,14,,,4601.695112806913,8280.08080500769,821.2075408450833,53.00427864964231,,698.8283705705367,78.5283085502549,7845.0,560.3571428571429,False,1.0,16094.619423062399,2872.207417754921,25.24882829597765,779.482142857143,402.36548557656033,0,split conformal on pooled train residuals,,,,,,,,,,58422.0,,
retail,Riyadh/Electronics,rolling,5,lgbm_global,ml,730,2025-12-18,2025-12-31,14,,,39.745704900342695,57.485464201274844,17.509121101472555,1.0191206384703255,,15.26725338736801,16.703632198692727,3178.0,227.0,False,0.7142857142857143,82.5647022627772,36.37211553426308,3.76493840114782,14.620371242910892,9.192654822029356,0,split conformal on pooled train residuals,,,,,,,,,,58422.0,,
retail,Riyadh/Grocery,rolling,5,lgbm_global,ml,730,2025-12-18,2025-12-31,14,,,25.49101375522643,30.25613366741138,3.959549457152669,0.26560027302246303,,3.8741968763950814,3.898920993713733,9013.0,643.7857142857143,False,1.0,3691.1480596105584,573.3504142299769,18.40701819817159,166.1503847823565,92.27870149026404,0,split conformal on pooled train residuals,,,,,,,,,,58422.0,,
workforce,workforce,expanding,0,seasonal_naive,baseline,451,2025-03-27,2025-04-09,14,0.0002169000217691064,,16.357142857142858,21.02889169010782,19.357565511411664,3.999213341724355,,17.544048989096844,20.03223689184407,1183.0,84.5,False,0.35714285714285715,18.0,21.301775147928996,1.1892857142857145,9.353571428571428,5.271428571428571,0,conformal(in-sample seasonal-naive residuals),,,,,,,,,,,,
workforce,workforce,expanding,1,seasonal_naive,baseline,465,2025-04-10,2025-04-23,14,0.00020129990298300982,,6.785714285714286,8.639609779547751,7.53370340999207,1.5492807292408488,,7.545456243571687,7.358589771315441,1261.0,90.07142857142857,False,0.6428571428571429,18.600000000000023,20.65027755749408,1.3042857142857123,0.8042857142857136,1.054285714285713,0,conformal(in-sample seasonal-naive residuals),,,,,,,,,,,,
workforce,workforce,expanding,2,seasonal_naive,baseline,479,2025-04-24,2025-05-07,14,0.00019749999046325684,,6.785714285714286,9.075083628107395,7.618283881315156,1.5237189071632458,,7.1804031380433715,7.201293877924726,1247.0,89.07142857142857,False,0.7857142857142857,20.0,22.453889334402565,1.2107142857142856,1.360714285714286,1.2857142857142858,0,conformal(in-sample seasonal-naive residuals),,,,,,,,,,,,
workforce,workforce,expanding,3,seasonal_naive,baseline,493,2025-05-08,2025-05-21,14,0.0001930000726133585,,8.785714285714286,11.436158196077661,10.123456790123457,1.9622505252100841,,9.627984346867313,9.47894281266568,1215.0,86.78571428571429,False,0.6428571428571429,20.0,23.045267489711932,1.6964285714285714,1.8035714285714286,1.75,0,conformal(in-sample seasonal-naive residuals),,,,,,,,,,,,
workforce,workforce,expanding,4,seasonal_naive,baseline,507,2025-05-22,2025-06-04,14,0.00019299995619803667,,5.357142857142857,7.823955886524778,6.152584085315833,1.1742969875367946,,6.978462985128529,7.515205821496131,1219.0,87.07142857142857,False,0.8571428571428571,20.0,22.969647251845775,0.6892857142857143,1.453571428571429,1.0714285714285716,0,conformal(in-sample seasonal-naive residuals),,,,,,,,,,,,
workforce,workforce,expanding,5,seasonal_naive,baseline,521,2025-06-05,2025-06-18,14,0.00019559997599571943,,6.785714285714286,8.787165966014623,7.679870654810024,1.4829324586977648,,8.171695675907602,8.120330981903132,1237.0,88.35714285714286,False,0.7857142857142857,20.0,22.63540824575586,0.6321428571428571,1.5821428571428575,1.1071428571428572,0,conformal(in-sample seasonal-naive residuals),,,,,,,,,,,,
workforce,workforce,expanding,6,seasonal_naive,baseline,535,2025-06-19,2025-07-02,14,0.00019149994477629662,,5.142857142857143,7.755182598937123,5.960264900662252,1.1160824379073455,,5.661620378893896,5.457665823147306,1208.0,86.28571428571429,False,0.8571428571428571,20.0,23.178807947019866,1.4642857142857142,0.6785714285714292,1.0714285714285716,0,conformal(in-sample seasonal-naive residuals),,,,,,,,,,,,
workforce,workforce,expanding,7,seasonal_naive,baseline,549,2025-07-03,2025-07-16,14,0.00019049993716180325,,5.428571428571429,6.535616704970214,6.229508196721312,1.175973506908759,,7.250736566956049,7.198276954412723,1220.0,87.14285714285714,False,0.9285714285714286,20.0,22.950819672131146,0.44285714285714295,0.8428571428571434,0.6428571428571432,0,conformal(in-sample seasonal-naive residuals),,,,,,,,,,,,
workforce,workforce,expanding,8,seasonal_naive,baseline,563,2025-07-17,2025-07-30,14,0.0001898000482469797,,6.571428571428571,7.634508123364221,7.255520504731862,1.4238948892105554,,7.7716715203712,8.08948150930451,1268.0,90.57142857142857,False,0.7857142857142857,20.0,22.082018927444796,0.6142857142857144,0.7428571428571432,0.6785714285714288,0,conformal(in-sample seasonal-naive residuals),,,,,,,,,,,,
workforce,workforce,expanding,9,seasonal_naive,baseline,577,2025-07-31,2025-08-13,14,0.00020060001406818628,,4.142857142857143,5.437961803049794,4.723127035830619,0.8995918367346939,,5.025099098249611,4.913096850413439,1228.0,87.71428571428571,False,0.9285714285714286,20.0,22.801302931596094,0.6785714285714286,0.6071428571428577,0.6428571428571431,0,conformal(in-sample seasonal-naive residuals),,,,,,,,,,,,
workforce,workforce,expanding,10,seasonal_naive,baseline,591,2025-08-14,2025-08-27,14,0.00018970004748553038,,5.642857142857143,6.627863262664026,6.386418755052546,1.2237016603893693,,7.015026743788251,6.830870351149063,1237.0,88.35714285714286,False,0.9285714285714286,20.0,22.63540824575586,0.7249999999999999,0.4892857142857147,0.6071428571428573,0,conformal(in-sample seasonal-naive residuals),,,,,,,,,,,,
workforce,workforce,expanding,11,seasonal_naive,baseline,605,2025-08-28,2025-09-10,14,0.00019590009469538927,,5.857142857142857,7.338742593737898,6.699346405228758,1.2527079501328429,,7.196649451932224,6.9560433742100445,1224.0,87.42857142857143,False,0.7857142857142857,20.0,22.875816993464053,0.6,0.9000000000000005,0.7500000000000002,0,conformal(in-sample seasonal-naive residuals),,,,,,,,,,,,
workforce,workforce,expanding,12,seasonal_naive,baseline,619,2025-09-11,2025-09-24,14,0.00019350007642060518,,7.285714285714286,10.274795792200864,8.68824531516184,1.5471398830177456,,8.468362588511425,8.092077181710195,1174.0,83.85714285714286,False,0.7142857142857143,20.0,23.850085178875638,2.307142857142857,0.9071428571428577,1.6071428571428572,0,conformal(in-sample seasonal-naive residuals),,,,,,,,,,,,
workforce,workforce,expanding,13,seasonal_naive,baseline,633,2025-09-25,2025-10-08,14,0.00018900004215538502,,6.571428571428571,7.5687326736854885,8.303249097472925,1.3785905783224817,,8.066222223043876,8.02121745900486,1108.0,79.14285714285714,False,0.7857142857142857,20.0,25.270758122743686,0.9571428571428571,0.5428571428571433,0.7500000000000002,0,conformal(in-sample seasonal-naive residuals),,,,,,,,,,,,
workforce,workforce,expanding,14,seasonal_naive,baseline,647,2025-10-09,2025-10-22,14,0.00019059993792325258,,6.142857142857143,7.892129895390362,7.530647985989491,1.292807816977498,,8.003821947530152,7.957028040123375,1142.0,81.57142857142857,False,0.7857142857142857,20.0,24.518388791593697,0.5857142857142857,1.2000000000000004,0.892857142857143,0,conformal(in-sample seasonal-naive residuals),,,,,,,,,,,,
workforce,workforce,expanding,15,seasonal_naive,baseline,661,2025-10-23,2025-11-05,14,0.00019049993716180325,,4.285714285714286,5.8675865079751,5.263157894736842,0.8983516483516484,,5.466426978771632,5.47856727974957,1140.0,81.42857142857143,False,0.9285714285714286,20.0,24.561403508771928,0.48571428571428565,1.0142857142857147,0.7500000000000002,0,conformal(in-sample seasonal-naive residuals),,,,,,,,,,,,
workforce,workforce,expanding,16,seasonal_naive,baseline,675,2025-11-06,2025-11-19,14,0.0001919000642374158,,7.285714285714286,8.693182879212227,8.963093145869948,1.5199428928348353,,8.812043969299953,8.773662218006175,1138.0,81.28571428571429,False,0.8571428571428571,20.0,24.604569420035148,1.4642857142857146,0.46428571428571475,0.9642857142857146,0,conformal(in-sample seasonal-naive residuals),,,,,,,,,,,,
workforce,workforce,expanding,17,seasonal_naive,baseline,689,2025-11-20,2025-12-03,14,0.0002087999600917101,,4.071428571428571,5.092010548749033,4.79394449116905,0.8376212023270847,,4.814468360717545,4.92662388560427,1189.0,84.92857142857143,False,1.0,20.0,23.549201009251473,0.567857142857143,0.4321428571428575,0.5000000000000002,0,conformal(in-sample seasonal-naive residuals),,,,,,,,,,,,
workforce,workforce,expanding,18,seasonal_naive,baseline,703,2025-12-04,2025-12-17,14,0.00019210006576031446,,5.214285714285714,6.840008354213778,5.939788445890969,1.077856506427935,,5.938586250647432,6.120963978478032,1229.0,87.78571428571429,False,0.9285714285714286,20.0,22.78275020341741,0.6392857142857142,1.0035714285714288,0.8214285714285715,0,conformal(in-sample seasonal-naive residuals),,,,,,,,,,,,
workforce,workforce,expanding,19,seasonal_naive,baseline,717,2025-12-18,2025-12-31,14,0.0002828999422490597,,5.214285714285714,6.745368781616021,5.807478122513922,1.0765172600008308,,5.512304109110563,5.685072817104885,1257.0,89.78571428571429,False,0.8571428571428571,20.0,22.275258552108195,0.6821428571428572,0.817857142857143,0.75,0,conformal(in-sample seasonal-naive residuals),,,,,,,,,,,,
workforce,workforce,expanding,0,sarima,classical,451,2025-03-27,2025-04-09,14,11.925533200032078,,15.610416044339322,19.48803851560582,18.473865141229968,3.816643570312037,,16.682117685318534,18.858470446285843,1183.0,84.5,False,0.35714285714285715,16.011753746367567,18.948821001618423,1.1169333994824377,8.485796661609337,4.801365030545887,0,analytic (state-space),"(1, 2, 2)","(0, 1, 1, 7)",-2021.4741393001027,-2001.1320113588822,0.9826377266037151,True,-0.25,,,,,
workforce,workforce,expanding,1,sarima,classical,465,2025-04-10,2025-04-23,14,11.312273800023831,,7.8194870335571265,10.147043542052149,8.68142890323551,1.785306610852026,,8.820247974594848,8.489763598913733,1261.0,90.07142857142857,False,0.7857142857142857,27.208428792886235,30.207613251420085,0.9361670882302047,1.1865315905022649,1.0613493393662348,0,analytic (state-space),"(1, 2, 2)","(0, 1, 1, 7)",-2122.673459145581,-2102.1718643854806,0.9429347458020059,True,-0.2749999999999999,,,,,
workforce,workforce,expanding,2,sarima,classical,479,2025-04-24,2025-05-07,14,10.058120399946347,,6.4140461301745955,9.142294274065122,7.20101409963467,1.4402615477842098,,7.393065120343969,6.945586956409825,1247.0,89.07142857142857,False,0.8571428571428571,25.683544245561055,28.834773010252988,1.1442389648159994,0.9502847813702063,1.047261873093103,0,analytic (state-space),"(1, 2, 2)","(0, 1, 1, 7)",-1764.3194227032768,-1743.663290255861,0.9674731680472672,True,-0.16249999999999998,,,,,
workforce,workforce,expanding,3,sarima,classical,493,2025-05-08,2025-05-21,14,10.495843999902718,,7.119932360664511,9.09816889284125,8.20403728800849,1.5902054812881214,,8.258792794309745,7.74596551792022,1215.0,86.78571428571429,False,0.7857142857142857,25.197949413927976,29.034674221810015,0.8154047502951819,0.960761656395273,0.8880832033452275,0,analytic (state-space),"(1, 2, 2)","(0, 1, 1, 7)",-1816.7174141536382,-1795.9113775451628,0.994056002936091,True,-0.16249999999999998,,,,,
workforce,workforce,expanding,4,sarima,classical,507,2025-05-22,2025-06-04,14,11.222757100011222,,5.063686412539476,6.140305275024726,5.8155545344998085,1.1099707173475397,,6.2453307952910775,6.381765520566499,1219.0,87.07142857142857,False,0.8571428571428571,23.491222625851435,26.979254861519287,0.5416562374217572,0.9036320492598343,0.7226441433407957,0,analytic (state-space),"(1, 2, 2)","(0, 1, 1, 7)",-1818.8023680569972,-1797.8507910277315,0.99836246530895,True,-0.1499999999999999,,,,,
workforce,workforce,expanding,5,sarima,classical,521,2025-06-05,2025-06-18,14,11.509945099940524,,4.238968614617778,6.07332689592833,4.797539256640977,0.9263732431605178,,4.6391226537885455,4.615640113586745,1237.0,88.35714285714286,False,0.9285714285714286,22.755701131401793,25.754229251384402,0.6510878732440046,0.5737434949998546,0.6124156841219296,0,analytic (state-space),"(0, 1, 1)","(0, 1, 1, 7)",-1682.4035603405632,-1669.735831536349,0.998943666602177,True,-0.09999999999999998,,,,,
workforce,workforce,expanding,6,sarima,classical,535,2025-06-19,2025-07-02,14,9.456527900067158,,4.771266749427944,5.5422819293657,5.529613782449604,1.0354413660904047,,5.729540696089376,5.55309898657671,1208.0,86.28571428571429,False,1.0,23.635168575978298,27.391751660901996,0.3417878974018288,0.8399705313970868,0.5908792143994578,0,analytic (state-space),"(0, 1, 1)","(0, 1, 1, 7)",-1782.6097923117386,-1769.8598665849602,0.9994424375493381,True,-0.11249999999999993,,,,,
workforce,workforce,expanding,7,sarima,classical,549,2025-07-03,2025-07-16,14,10.74864229990635,,5.66848252256676,6.418518443039179,6.5048160095028384,1.2279446551683388,,7.089191248057078,6.993199140666065,1220.0,87.14285714285714,False,0.9285714285714286,22.88055331735865,26.256372659264027,0.4780867061946506,0.6998585659751791,0.5889726360849149,0,analytic (state-space),"(0, 1, 1)","(0, 1, 1, 7)",-1784.768518066064,-1771.938587598039,0.9996286750384669,True,-0.09999999999999998,,,,,
workforce,workforce,expanding,8,sarima,classical,563,2025-07-17,2025-07-30,14,10.420628700056113,,2.7998819728881403,3.250817888637182,3.091352335996369,0.6066774656764637,,3.220212599786807,3.2511083443961253,1268.0,90.57142857142857,False,1.0,22.9139210883829,25.299281958782384,0.5899054567709505,0.5557905976481952,0.5728480272095728,0,analytic (state-space),"(0, 1, 1)","(0, 1, 1, 7)",-1768.6621195453686,-1755.754262618134,0.9989332876636697,True,-0.08749999999999991,,,,,
workforce,workforce,expanding,9,sarima,classical,577,2025-07-31,2025-08-13,14,9.123542600078508,,4.964658421014687,6.228893093004477,5.66003403047277,1.078040114277475,,5.795679135598874,5.658002718073561,1228.0,87.71428571428571,False,0.8571428571428571,23.081320337996875,26.314208854393833,0.45170400315108356,0.7980007810355337,0.6248523920933087,0,analytic (state-space),"(0, 1, 1)","(0, 1, 1, 7)",-1767.2573978996938,-1754.2735875485062,0.9990614566741921,True,-0.07499999999999996,,,,,
workforce,workforce,expanding,10,sarima,classical,591,2025-08-14,2025-08-27,14,10.390119399991818,,4.834721466672518,6.328852374391336,5.471794707632598,1.0484505520002785,,5.713562839161836,5.541261889050188,1237.0,88.35714285714286,False,0.9285714285714286,22.19970685626995,25.12497138138879,0.7687772621172064,0.6345082754516138,0.7016427687844101,0,analytic (state-space),"(0, 1, 1)","(0, 1, 1, 7)",-1694.6965810001923,-1681.6386928112336,0.9991521065445031,True,-0.04999999999999993,,,,,
workforce,workforce,expanding,11,sarima,classical,605,2025-08-28,2025-09-10,14,9.578985100029968,,4.454393973448447,5.120562343610924,5.094895067669792,0.9526922732911914,,6.4290478771406105,6.145890120276996,1224.0,87.42857142857143,False,0.9285714285714286,22.51108673735186,25.747975026382846,0.5436801390272136,0.7228230507847586,0.633251594905986,0,analytic (state-space),"(0, 1, 1)","(0, 1, 1, 7)",-1795.3496224385312,-1782.2194415948354,0.9976270655224785,True,-0.0625,,,,,
workforce,workforce,expanding,12,sarima,classical,619,2025-09-11,2025-09-24,14,13.109792900038883,,5.017147861337714,7.016149144334722,5.982970192395911,1.0654040566060654,,5.945209670910782,5.702993006119859,1174.0,83.85714285714286,False,0.8571428571428571,21.554164234213097,25.703432647272855,0.8761939746314812,0.6855623019442941,0.7808781382878877,0,analytic (state-space),"(0, 1, 1)","(0, 1, 1, 7)",-1900.4821463597582,-1887.2813740238316,0.9848037828746895,True,-0.07499999999999996,,,,,
workforce,workforce,expanding,13,sarima,classical,633,2025-09-25,2025-10-08,14,10.646577000035904,,5.84615687259528,7.328570186353636,7.386840813748549,1.2264390758192512,,7.235520886208999,6.967607025458908,1108.0,79.14285714285714,False,0.9285714285714286,20.95118369519458,26.472614777321674,0.29941669333908055,0.7844048830770414,0.5419107882080609,0,analytic (state-space),"(0, 1, 1)","(0, 1, 1, 7)",-1943.1911555906754,-1929.9214147000748,0.970263063628439,True,-0.07499999999999996,,,,,
workforce,workforce,expanding,14,sarima,classical,647,2025-10-09,2025-10-22,14,11.282844000030309,,4.045043934045357,4.746667182290447,4.958897992700087,0.8513081610618312,,5.437951362807886,5.422830346454366,1142.0,81.57142857142857,False,1.0,20.241233887081385,24.81412210325214,0.49857290537375515,0.5134887889803145,0.5060308471770348,0,analytic (state-space),"(0, 1, 1)","(0, 1, 1, 7)",-1918.3123842975374,-1904.9752248393806,0.9325583325498186,True,-0.0625,,,,,
workforce,workforce,expanding,15,sarima,classical,661,2025-10-23,2025-11-05,14,12.655170199926943,,3.6180838574707863,4.727815013738021,4.443260877595702,0.7584060393544533,,4.549618783426871,4.495143677599818,1140.0,81.42857142857143,False,1.0,20.309850325809663,24.94192145274871,0.46908925219596176,0.5464032640945222,0.507746258145242,0,analytic (state-space),"(0, 1, 1)","(0, 1, 1, 7)",-1960.8542764914816,-1947.4511803131686,0.9356594701730052,True,-0.0625,,,,,
workforce,workforce,expanding,16,sarima,classical,675,2025-11-06,2025-11-19,14,12.305891399970278,,4.021701284365736,5.4126944408756055,4.947611421891063,0.8390057645085294,,4.6786971361924925,4.684056117355397,1138.0,81.28571428571429,False,1.0,20.01588337738219,24.62410960310638,0.4960212220008754,0.5047729468682345,0.5003970844345549,0,analytic (state-space),"(0, 1, 1)","(0, 1, 1, 7)",-2007.3285908920789,-1993.8609760981028,0.9492961132736586,True,-0.0625,,,,,
workforce,workforce,expanding,17,sarima,classical,689,2025-11-20,2025-12-03,14,11.270971900084987,,3.8505972021271035,4.669114060977257,4.533924375927624,0.7921892283109154,,4.640910022137871,4.7093332209761485,1189.0,84.92857142857143,False,0.9285714285714286,20.71997019040911,24.396937145982132,0.5478550475287044,0.5500288309896201,0.5489419392591622,0,analytic (state-space),"(0, 1, 1)","(0, 1, 1, 7)",-2053.523411472989,-2039.9926364514197,0.9619598786403112,True,-0.0625,,,,,
workforce,workforce,expanding,18,sarima,classical,703,2025-12-04,2025-12-17,14,11.48333509999793,,2.574238105118378,3.3668806141607774,2.9324111856515285,0.5321264393116695,,3.1255952678981167,3.1864460882943852,1229.0,87.78571428571429,False,1.0,21.391001427198642,24.367292105840598,0.561626297273024,0.5079237740869085,0.5347750356799663,0,analytic (state-space),"(0, 1, 1)","(0, 1, 1, 7)",-2099.7710051983972,-2086.17837231522,0.9591934294096215,True,-0.0625,,,,,
workforce,workforce,expanding,19,sarima,classical,717,2025-12-18,2025-12-31,14,10.184096099925227,,4.057677731747408,5.103320017795914,4.5192910297902715,0.8377293368830067,,4.521414499285797,4.582079904755736,1257.0,89.78571428571429,False,1.0,21.478349842908422,23.921789801170874,0.6046590420102048,0.46925845013521694,0.5369587460727109,0,analytic (state-space),"(0, 1, 1)","(0, 1, 1, 7)",-2079.41896775621,-2065.7657267510795,0.9457959529392304,True,-0.04999999999999993,,,,,
workforce,workforce,expanding,0,ets,classical,451,2025-03-27,2025-04-09,14,0.5900129000656307,,16.008686302426845,19.9552875553939,18.94519089044597,3.914018016672643,,17.08415898607571,19.38039197185227,1183.0,84.5,False,0.35714285714285715,14.993579668044017,17.743881263957416,1.1186057717189408,9.253800176991499,5.18620297435522,0,analytic (state-space),,,-2145.711075826485,-2088.150533073447,0.9811203184668266,True,-0.25,Holt-Winters-damped,,,,
workforce,workforce,expanding,1,ets,classical,465,2025-04-10,2025-04-23,14,0.5000274000922218,,6.376599224055494,8.3513074798229,7.079491604819739,1.4558736015041955,,7.466857285578989,7.3417228092129845,1261.0,90.07142857142857,False,0.7857142857142857,25.683254968842732,28.514319553037133,0.56215312477924,1.116979178748622,0.839566151763931,0,analytic (state-space),,,-2240.79629474495,-2186.9498084723145,0.9693364194742747,True,-0.2749999999999999,Holt-Winters-add,,,,
workforce,workforce,expanding,2,ets,classical,479,2025-04-24,2025-05-07,14,0.6281453999690711,,5.689756669006309,8.02156047577734,6.387858329277332,1.277623762022349,,6.330264877982583,6.017754519513667,1247.0,89.07142857142857,False,0.8571428571428571,24.401831795606178,27.39580153476235,1.0244133811373373,0.8229266382436105,0.9236700096904739,0,analytic (state-space),,,-1866.0988384041991,-1811.8667306378572,0.9928146794636619,True,-0.16249999999999998,Holt-Winters-add,,,,
workforce,workforce,expanding,3,ets,classical,493,2025-05-08,2025-05-21,14,0.6021597000071779,,5.093331399898275,6.646734292363957,5.868859226220235,1.1375730975875744,,6.18630094133252,5.926514112048796,1215.0,86.78571428571429,False,0.9285714285714286,23.487416173391832,27.06368941790005,0.5707102216705635,0.7813659703591391,0.6760380960148513,0,analytic (state-space),,,-1920.3172424026036,-1865.7106231400487,0.9986352993876155,True,-0.16249999999999998,Holt-Winters-add,,,,
workforce,workforce,expanding,4,ets,classical,507,2025-05-22,2025-06-04,14,0.6802136999322101,,4.75581044096091,5.871274146171577,5.461964411275861,1.0424836565017337,,6.069364155423575,6.294109853754885,1219.0,87.07142857142857,False,0.7857142857142857,22.226740703464568,25.527019675841178,0.5769057808692583,0.9312037439282452,0.7540547623987517,0,analytic (state-space),,,-1922.6098638978162,-1867.6392208511309,0.9990636197827498,True,-0.1499999999999999,Holt-Winters-add,,,,
workforce,workforce,expanding,5,ets,classical,521,2025-06-05,2025-06-18,14,0.6850667999824509,,4.217514108954022,6.048574355623684,4.7732576819204775,0.9216846309533876,,4.617347843055413,4.593903417944738,1237.0,88.35714285714286,False,0.9285714285714286,22.29956162927842,25.237984059005488,0.6466014896348794,0.5615024530320525,0.604051971333466,0,analytic (state-space),,,-1756.3873012220583,-1701.0625506792646,0.9964896639968643,True,-0.09999999999999998,Holt-Winters-add,,,,
workforce,workforce,expanding,6,ets,classical,535,2025-06-19,2025-07-02,14,0.6572240000823513,,4.727282579642396,5.505305185854741,5.478638751241187,1.0258960961985963,,5.680554017790413,5.507008768423349,1208.0,86.28571428571429,False,1.0,23.153074009049924,26.83303279194527,0.33304944373425327,0.8246042567182433,0.5788268502262484,0,analytic (state-space),,,-1858.6278140849881,-1802.9583463753402,0.9983938213940815,True,-0.11249999999999993,Holt-Winters-add,,,,
workforce,workforce,expanding,7,ets,classical,549,2025-07-03,2025-07-16,14,0.674845999921672,,5.637961280120556,6.377850292417122,6.469791632925228,1.2213329391787935,,7.060307320350935,6.969071350025084,1220.0,87.14285714285714,False,0.9285714285714286,22.422045542175645,25.730216195939263,0.47603519296102087,0.6852928253133107,0.5806640091371658,0,analytic (state-space),,,-1859.3772547750405,-1803.3719750354167,0.9987563538150139,True,-0.09999999999999998,Holt-Winters-add,,,,
workforce,workforce,expanding,8,ets,classical,563,2025-07-17,2025-07-30,14,0.6470603999914601,,2.8071350512336815,3.2747150347953196,3.099360466661793,0.6082490602049598,,3.2217487137389207,3.25175149036293,1268.0,90.57142857142857,False,1.0,22.50797889386694,24.85108079764489,0.5790475182746899,0.5463514264186579,0.5626994723466738,0,analytic (state-space),,,-1841.5215463845007,-1785.1889112186848,0.996282470806988,True,-0.08749999999999991,Holt-Winters-add,,,,
workforce,workforce,expanding,9,ets,classical,577,2025-07-31,2025-08-13,14,0.645206099958159,,4.992260605073683,6.2375122864020005,5.691502318487912,1.0840337313874282,,5.821875178498667,5.683079963996416,1228.0,87.71428571428571,False,0.8571428571428571,22.687656206462936,25.86540609857338,0.4487789721952707,0.7937174736854018,0.6212482229403362,0,analytic (state-space),,,-1838.6740140344884,-1782.0220645698832,0.996464458825175,True,-0.07499999999999996,Holt-Winters-add,,,,
workforce,workforce,expanding,10,ets,classical,591,2025-08-14,2025-08-27,14,0.6325832000002265,,4.825482197345835,6.309459029239494,5.461337975977501,1.0464469377088628,,5.709004533378029,5.535191315083968,1237.0,88.35714285714286,False,0.9285714285714286,21.831779121565983,24.708561657390764,0.7660836027661728,0.6265080932733327,0.6962958480197527,0,analytic (state-space),,,-1762.8172606131614,-1705.853652386882,0.9967499455933447,True,-0.04999999999999993,Holt-Winters-add,,,,
workforce,workforce,expanding,11,ets,classical,605,2025-08-28,2025-09-10,14,0.7124955999897793,,4.427475548356626,5.103562056019993,5.064106019362153,0.946935042173556,,6.391223815742757,6.110867595139114,1224.0,87.42857142857143,False,0.9285714285714286,22.10407809025587,25.282442260096584,0.5370726856566399,0.7110939938889074,0.6240833397727736,0,analytic (state-space),,,-1865.3991327116416,-1808.1311627572406,0.9931846593896267,True,-0.0625,Holt-Winters-add,,,,
workforce,workforce,expanding,12,ets,classical,619,2025-09-11,2025-09-24,14,0.6090266000246629,,4.563757160565986,6.671200237855258,5.4422998507601195,0.9691253928752198,,5.40430417181484,5.21702621197348,1174.0,83.85714285714286,False,0.9285714285714286,20.87008404573052,24.887664109048316,0.8411442825753913,0.6265909679052495,0.7338676252403205,0,analytic (state-space),,,-1972.8611280127218,-1910.8676541951374,0.9694168161953285,True,-0.07499999999999996,Holt-Winters-damped,,,,
workforce,workforce,expanding,13,ets,classical,633,2025-09-25,2025-10-08,14,0.6667745000449941,,5.296860220299401,6.654117031584159,6.692783671858448,1.1112045904515497,,6.7192859006294166,6.525196622640291,1108.0,79.14285714285714,False,1.0,20.254933605880957,25.592876397322513,0.2891648606269101,0.7235818196671386,0.5063733401470244,0,analytic (state-space),,,-2015.9366847659157,-1953.6300988558974,0.9384129656969287,True,-0.07499999999999996,Holt-Winters-damped,,,,
workforce,workforce,expanding,14,ets,classical,647,2025-10-09,2025-10-22,14,0.6170356998918578,,4.0708278950179455,4.788203600522897,4.990507051685747,0.8567345783661575,,5.4491497958491495,5.485985058696603,1142.0,81.57142857142857,False,1.0,19.55539510043619,23.97333900228605,0.519653242527545,0.4581165124942648,0.4888848775109049,0,analytic (state-space),,,-1989.7386796850926,-1927.12583156208,0.8843749643378398,True,-0.0625,Holt-Winters-damped,,,,
workforce,workforce,expanding,15,ets,classical,661,2025-10-23,2025-11-05,14,0.6380759000312537,,3.657153320625845,4.68225890375038,4.4912409200668275,0.7665955999004176,,4.494985634565371,4.475442578562779,1140.0,81.42857142857143,False,1.0,19.66673193844776,24.15212694195339,0.483349557523285,0.49998703939910355,0.4916682984611943,0,analytic (state-space),,,-2032.4725750515513,-1969.5600212936276,0.8956477959198319,True,-0.0625,Holt-Winters-damped,,,,
workforce,workforce,expanding,16,ets,classical,675,2025-11-06,2025-11-19,14,0.7085623999591917,,4.03340449050165,5.593862675392137,4.962009039281467,0.8414472828404441,,4.71002481690367,4.745944552533913,1138.0,81.28571428571429,False,1.0,19.389169953794674,23.853108906250036,0.5086979549919166,0.4607605426978176,0.4847292488448671,0,analytic (state-space),,,-2079.295719206154,-2016.0897415339386,0.9223829842540022,True,-0.0625,Holt-Winters-damped,,,,
workforce,workforce,expanding,17,ets,classical,689,2025-11-20,2025-12-03,14,0.7196658999891952,,4.035987774702421,4.842511638716151,4.752214368867442,0.8303299132268631,,4.845976887270658,4.949348713746821,1189.0,84.92857142857143,False,0.9285714285714286,20.08494465120612,23.649219942547152,0.5650776273631002,0.5434856300147124,0.5542816286889063,0,analytic (state-space),,,-2125.4377679815816,-2061.9443901873906,0.945764943164136,True,-0.0625,Holt-Winters-damped,,,,
workforce,workforce,expanding,18,ets,classical,703,2025-12-04,2025-12-17,14,0.7947083000326529,,2.618828133183255,3.4371090201061967,2.9832053591998022,0.5413437424103194,,3.231952483261765,3.307412138695393,1229.0,87.78571428571429,False,1.0,20.838388474265866,23.737789962548582,0.5717632083999867,0.47015621531330726,0.520959711856647,0,analytic (state-space),,,-2171.697342016594,-2107.922345531245,0.9484800108783896,True,-0.0625,Holt-Winters-damped,,,,
workforce,workforce,expanding,19,ets,classical,717,2025-12-18,2025-12-31,14,0.630625499994494,,4.342635910511231,5.326236738552631,4.836666885215373,0.8965604816699546,,4.819178974317766,4.900868276737728,1257.0,89.78571428571429,False,1.0,20.95340153443799,23.337121836287338,0.6138824306185849,0.43378764610331494,0.5238350383609499,0,analytic (state-space),,,-2149.764389102427,-2085.7133273340323,0.9294733896008032,True,-0.04999999999999993,Holt-Winters-damped,,,,
workforce,workforce,expanding,0,prophet,gam,451,2025-03-27,2025-04-09,14,0.4209665999514982,,15.237174683246321,19.075003931692457,18.032159388457185,3.7253885238774047,,16.365295403223616,18.20080006151736,1183.0,84.5,False,0.35714285714285715,12.63594172550255,14.953777189943846,1.0015666606462983,9.755917946038723,5.378742303342511,0,native (Prophet MAP trend + observation noise),,,,,,,,,,,,
workforce,workforce,expanding,1,prophet,gam,465,2025-04-10,2025-04-23,14,0.5047636000672355,,8.46053178393048,10.61915419946586,9.39313600119165,1.931666778185523,,8.560657633482945,9.12735700943481,1261.0,90.07142857142857,False,0.42857142857142855,14.290147987952517,15.865350660692723,0.7702706772298441,3.6268333720778805,2.1985520246538623,0,native (Prophet MAP trend + observation noise),,,,,,,,,,,,
workforce,workforce,expanding,2,prophet,gam,479,2025-04-24,2025-05-07,14,0.4086340001085773,,7.418124682230241,9.238948485343396,8.328287534179902,1.665725428169683,,7.135474956276582,7.422623412180281,1247.0,89.07142857142857,False,0.5,14.538773060112996,16.32260006748853,0.6837346553849015,2.34783205710021,1.5157833562425558,0,native (Prophet MAP trend + observation noise),,,,,,,,,,,,
workforce,workforce,expanding,3,prophet,gam,493,2025-05-08,2025-05-21,14,0.44891469995491207,,5.868946335934162,7.698442333671537,6.7625719097183765,1.3108032717205893,,7.243544625456002,6.817237420972831,1215.0,86.78571428571429,False,0.6428571428571429,14.72974770958202,16.972548801164468,1.6237078268889842,0.7539370138882819,1.188822420388633,0,native (Prophet MAP trend + observation noise),,,,,,,,,,,,
workforce,workforce,expanding,4,prophet,gam,507,2025-05-22,2025-06-04,14,0.4463916999520734,,6.068284611920011,7.067899008223134,6.9693178479803235,1.3301807566681303,,6.872090736739518,6.788801218787678,1219.0,87.07142857142857,False,0.5714285714285714,15.314647452299543,17.588602488284955,0.9791895432906086,0.7095512392754972,0.8443703912830529,0,native (Prophet MAP trend + observation noise),,,,,,,,,,,,
workforce,workforce,expanding,5,prophet,gam,521,2025-06-05,2025-06-18,14,0.4292021000292152,,4.355222621825584,5.834024135067779,4.9291121023086655,0.951779093375149,,5.033588050894443,4.925168548048275,1237.0,88.35714285714286,False,0.8571428571428571,15.367143546077456,17.39207838682978,0.5984433963946287,0.7659345979929515,0.6821889971937901,0,native (Prophet MAP trend + observation noise),,,,,,,,,,,,
workforce,workforce,expanding,6,prophet,gam,535,2025-06-19,2025-07-02,14,0.456858400022611,,8.389522027390571,9.08333840870233,9.72295599200894,1.820660760568114,,9.884081237507326,9.36664652296145,1208.0,86.28571428571429,False,0.35714285714285715,15.341769947181813,17.780196958654418,1.8948396020896368,0.8073377924543589,1.3510886972719978,0,native (Prophet MAP trend + observation noise),,,,,,,,,,,,
workforce,workforce,expanding,7,prophet,gam,549,2025-07-03,2025-07-16,14,0.41521370003465563,,8.654918537576172,10.328575179881815,9.931873731644789,1.8748864298026722,,9.966107507226926,9.283791048530905,1220.0,87.14285714285714,False,0.42857142857142855,15.644110216421637,17.95225762540188,2.8389182870101455,0.7914522962353272,1.8151852916227362,0,native (Prophet MAP trend + observation noise),,,,,,,,,,,,
workforce,workforce,expanding,8,prophet,gam,563,2025-07-17,2025-07-30,14,0.5039487000321969,,3.692286537901185,4.876070685704329,4.0766570607741786,0.8000433807767182,,3.8692799145228567,3.7599032740472778,1268.0,90.57142857142857,False,0.8571428571428571,16.228987912996455,17.91844091340303,0.4760335755067854,0.5646842096143712,0.5203588925605782,0,native (Prophet MAP trend + observation noise),,,,,,,,,,,,
workforce,workforce,expanding,9,prophet,gam,577,2025-07-31,2025-08-13,14,0.45668040006421506,,6.348147868278415,7.5360811138198995,7.237302129959105,1.378454965683313,,7.18409225469869,6.933408946746796,1228.0,87.71428571428571,False,0.6428571428571429,15.858810407045187,18.0800770112893,1.1914414454697018,0.6659022110925944,0.9286718282811481,0,native (Prophet MAP trend + observation noise),,,,,,,,,,,,
workforce,workforce,expanding,10,prophet,gam,591,2025-08-14,2025-08-27,14,0.4453110999893397,,5.136471057597087,7.331685543494488,5.813305966560972,1.1138875223307458,,6.721406201964325,6.3443135022019845,1237.0,88.35714285714286,False,0.8571428571428571,15.751337917377512,17.82689820883469,1.5574542840142434,0.599590667121503,1.078522475567873,0,native (Prophet MAP trend + observation noise),,,,,,,,,,,,
workforce,workforce,expanding,11,prophet,gam,605,2025-08-28,2025-09-10,14,0.5700684000039473,,5.076624535687271,5.888512199108951,5.806596691145572,1.0857730587771774,,7.4680467125313506,7.052271128099402,1224.0,87.42857142857143,False,0.8571428571428571,15.975085146935385,18.272156213814984,0.5471919413958595,0.6041649788212757,0.5756784601085676,0,native (Prophet MAP trend + observation noise),,,,,,,,,,,,
workforce,workforce,expanding,12,prophet,gam,619,2025-09-11,2025-09-24,14,0.49745689996052533,,5.647498852546674,7.853905053938251,6.734666434042031,1.1992606862451645,,6.579051783111373,6.259399686008306,1174.0,83.85714285714286,False,0.8571428571428571,15.918869801545977,18.98332003591513,1.611296663501912,0.5804314086372598,1.095864036069586,0,native (Prophet MAP trend + observation noise),,,,,,,,,,,,
workforce,workforce,expanding,13,prophet,gam,633,2025-09-25,2025-10-08,14,0.5279215999180451,,7.8355100833952225,9.19476110948892,9.900464004289992,1.6437765791573087,,9.729333283456784,9.383864277332297,1108.0,79.14285714285714,False,0.5714285714285714,16.04660443154939,20.27549296405158,2.184823077246796,0.6919639866022634,1.4383935319245296,0,native (Prophet MAP trend + observation noise),,,,,,,,,,,,
workforce,workforce,expanding,14,prophet,gam,647,2025-10-09,2025-10-22,14,0.50500230002217,,4.303172284805941,5.205711912786525,5.27534255580413,0.9056331017020065,,5.990927999374822,6.160709182750685,1142.0,81.57142857142857,False,0.9285714285714286,15.993645380797814,19.60692078206387,0.718491867604078,0.35455916756697237,0.5365255175855252,0,native (Prophet MAP trend + observation noise),,,,,,,,,,,,
workforce,workforce,expanding,15,prophet,gam,661,2025-10-23,2025-11-05,14,0.43333170004189014,,3.8079926502607564,4.914878957929441,4.676482202074613,0.7982138439969663,,4.919907608467663,4.893895867567316,1140.0,81.42857142857143,False,0.9285714285714286,15.981307669234653,19.626167313095184,0.5712420426923108,0.4231964168131813,0.4972192297527461,0,native (Prophet MAP trend + observation noise),,,,,,,,,,,,
workforce,workforce,expanding,16,prophet,gam,675,2025-11-06,2025-11-19,14,0.48161240003537387,,4.730102395745133,6.020398389113636,5.819106637999285,0.9867921300305273,,6.156747547314727,6.242419219188087,1138.0,81.28571428571429,False,0.7142857142857143,15.95653254501779,19.630180635347017,0.7269748107029645,0.7174389089829217,0.7222068598429432,0,native (Prophet MAP trend + observation noise),,,,,,,,,,,,
workforce,workforce,expanding,17,prophet,gam,689,2025-11-20,2025-12-03,14,0.45521499996539205,,5.569987811966265,6.559962123809156,6.558438130153718,1.1459220777559558,,7.2928021948840644,7.685978200225074,1189.0,84.92857142857143,False,0.7857142857142857,15.9707605962064,18.80493257753487,0.6289154911820869,0.816733782996353,0.72282463708922,0,native (Prophet MAP trend + observation noise),,,,,,,,,,,,
workforce,workforce,expanding,18,prophet,gam,703,2025-12-04,2025-12-17,14,0.49699670006521046,,4.745211352152036,5.537342414974346,5.4054482449250205,0.9808931099191616,,6.150531066071382,6.432228380589741,1229.0,87.78571428571429,False,0.8571428571428571,16.44154383756939,18.729179310494015,0.6467909397296742,0.47939689037775945,0.5630939150537169,0,native (Prophet MAP trend + observation noise),,,,,,,,,,,,
workforce,workforce,expanding,19,prophet,gam,717,2025-12-18,2025-12-31,14,0.5732396000530571,,6.24558168434828,7.22863226894167,6.956097341358467,1.2894338458526544,,7.102752590392648,7.408910283363758,1257.0,89.78571428571429,False,0.7857142857142857,16.256973092030883,18.106413944982684,0.6604454625628206,0.9967172740836946,0.8285813683232576,0,native (Prophet MAP trend + observation noise),,,,,,,,,,,,
workforce,workforce,expanding,0,sktime_theta,gam,451,2025-03-27,2025-04-09,14,0.0733724000165239,,16.30246644128565,20.218983056252526,19.29285969382917,3.9858453193451697,,17.478960132721998,19.88388872871411,1183.0,84.5,False,0.35714285714285715,15.807731652633533,18.707374736844418,1.146906931757688,9.012735875102402,5.079821403430045,0,sktime predict_interval / predict_quantiles,,,,,,,-0.25,,7.0,,,
workforce,workforce,expanding,1,sktime_theta,gam,465,2025-04-10,2025-04-23,14,0.0811883999267593,,5.475905650307545,6.787760781351843,6.079514599865632,1.250231698823956,,7.008779524353804,7.19601077070491,1261.0,90.07142857142857,False,0.7857142857142857,25.542801295238387,28.358383674332867,0.6258184211699749,1.2312868140932436,0.9285526176316092,0,sktime predict_interval / predict_quantiles,,,,,,,-0.2749999999999999,,7.0,,,
workforce,workforce,expanding,2,sktime_theta,gam,479,2025-04-24,2025-05-07,14,0.07327839999925345,,5.290739326168792,7.215298008864906,5.939883766348283,1.1880251959808132,,5.766221217100247,5.625128449466937,1247.0,89.07142857142857,False,0.8571428571428571,24.79051843811987,27.8321778776005,0.8475159604915469,0.7112807231478631,0.779398341819705,0,sktime predict_interval / predict_quantiles,,,,,,,-0.16249999999999998,,7.0,,,
workforce,workforce,expanding,3,sktime_theta,gam,493,2025-05-08,2025-05-21,14,0.07169229991268367,,5.329758201982699,6.494456571743003,6.141285171008872,1.1903779807737094,,6.747465953032999,6.5905612641922575,1215.0,86.78571428571429,False,0.9285714285714286,24.608873554091154,28.35590368372643,0.4614640840022038,0.8044471531263112,0.6329556185642575,0,sktime predict_interval / predict_quantiles,,,,,,,-0.16249999999999998,,7.0,,,
workforce,workforce,expanding,4,sktime_theta,gam,507,2025-05-22,2025-06-04,14,0.07586380001157522,,5.209473301069251,6.3507586518134955,5.982988204673463,1.1419275100984767,,7.033451176365281,7.385011756731498,1219.0,87.07142857142857,False,0.7857142857142857,23.322808645716844,26.78583437572074,0.6045529199739335,1.2043539301011172,0.9044534250375253,0,sktime predict_interval / predict_quantiles,,,,,,,-0.1499999999999999,,7.0,,,
workforce,workforce,expanding,5,sktime_theta,gam,521,2025-06-05,2025-06-18,14,0.0716272999998182,,4.304913932981625,5.842403829106367,4.872174216794079,0.940784762564862,,4.9346112113110525,4.933381193367684,1237.0,88.35714285714286,False,1.0,23.684573481340312,26.805499493837054,0.565936588543041,0.618292085523975,0.592114337033508,0,sktime predict_interval / predict_quantiles,,,,,,,-0.09999999999999998,,7.0,,,
workforce,workforce,expanding,6,sktime_theta,gam,535,2025-06-19,2025-07-02,14,0.0751555000897497,,4.7288076496714675,5.84805830266686,5.480406216506668,1.0262270608411568,,5.186014618740524,5.054270789744818,1208.0,86.28571428571429,False,1.0,24.43091646410972,28.31397603456424,0.36391228942484505,0.8576335337806417,0.6107729116027434,0,sktime predict_interval / predict_quantiles,,,,,,,-0.11249999999999993,,7.0,,,
workforce,workforce,expanding,7,sktime_theta,gam,549,2025-07-03,2025-07-16,14,0.07431629998609424,,6.06787985846,6.82103510417451,6.9631408211836066,1.314464781488937,,7.786889839689415,7.805877886768976,1220.0,87.14285714285714,False,0.8571428571428571,23.68637718083273,27.181088568168704,0.4597433826448038,0.9111592772174563,0.68545132993113,0,sktime predict_interval / predict_quantiles,,,,,,,-0.09999999999999998,,7.0,,,
workforce,workforce,expanding,8,sktime_theta,gam,563,2025-07-17,2025-07-30,14,0.07278159994166344,,3.255110433909831,3.6803980146578916,3.5939705106259963,0.7053162124917638,,4.303968931338864,4.393450505079638,1268.0,90.57142857142857,False,1.0,23.931870702069293,26.423201090612785,0.5990814772452426,0.5975120578582225,0.5982967675517326,0,sktime predict_interval / predict_quantiles,,,,,,,-0.08749999999999991,,7.0,,,
workforce,workforce,expanding,9,sktime_theta,gam,577,2025-07-31,2025-08-13,14,0.07355420000385493,,5.837623581254715,7.1363895953402094,6.65527118384088,1.2675982633581666,,6.718274010849071,6.613565071800222,1228.0,87.71428571428571,False,0.8571428571428571,24.219998090615093,27.612375673339685,0.5043832018841445,0.9942290598029407,0.7493061308435427,0,sktime predict_interval / predict_quantiles,,,,,,,-0.07499999999999996,,7.0,,,
workforce,workforce,expanding,10,sktime_theta,gam,591,2025-08-14,2025-08-27,14,0.07304979988839477,,4.422368201462436,6.350233028345757,5.005105482657568,0.9590282323260536,,5.052675320321209,4.901762371340138,1237.0,88.35714285714286,False,0.9285714285714286,23.357222443244144,26.435013274488117,0.8215600255117169,0.6868336225521647,0.7541968240319408,0,sktime predict_interval / predict_quantiles,,,,,,,-0.04999999999999993,,7.0,,,
workforce,workforce,expanding,11,sktime_theta,gam,605,2025-08-28,2025-09-10,14,0.07313160004559904,,3.916485231889984,4.801143827509767,4.479639971115995,0.8376459830723213,,5.067055363579598,4.9017720596554275,1224.0,87.42857142857143,False,1.0,23.553273294714376,26.940018474346513,0.41988506729451863,0.7577785974412009,0.5888318323678597,0,sktime predict_interval / predict_quantiles,,,,,,,-0.0625,,7.0,,,
workforce,workforce,expanding,12,sktime_theta,gam,619,2025-09-11,2025-09-24,14,0.08054859994444996,,5.038706487953404,7.051172086750411,6.0086789464521,1.0699820855751156,,5.924205510850427,5.704339552837976,1174.0,83.85714285714286,False,0.8571428571428571,22.49089698350947,26.820490440300897,0.8901430492129897,0.7137601258855419,0.8019515875492658,0,sktime predict_interval / predict_quantiles,,,,,,,-0.07499999999999996,,7.0,,,
workforce,workforce,expanding,13,sktime_theta,gam,633,2025-09-25,2025-10-08,14,0.07413820002693683,,6.43525569507773,7.832786708067961,8.131189506415906,1.3500234802676472,,8.11898177057029,7.873081811302653,1108.0,79.14285714285714,False,0.8571428571428571,21.880401017415647,27.646716086987283,0.32542018078051493,0.8216123679691083,0.5735162743748117,0,sktime predict_interval / predict_quantiles,,,,,,,-0.07499999999999996,,7.0,,,
workforce,workforce,expanding,14,sktime_theta,gam,647,2025-10-09,2025-10-22,14,0.0751083999639377,,3.934809553077753,4.814335049538853,4.823759522161869,0.8281085544129436,,5.39818152663499,5.4027946091965555,1142.0,81.57142857142857,False,0.9285714285714286,21.255103731645256,26.057044854906618,0.48851401519578497,0.586103735713593,0.537308875454689,0,sktime predict_interval / predict_quantiles,,,,,,,-0.0625,,7.0,,,
workforce,workforce,expanding,15,sktime_theta,gam,661,2025-10-23,2025-11-05,14,0.076984400046058,,3.4819949107523764,4.721021439185495,4.27613410092397,0.7298797024461713,,4.349604030105057,4.303088344078083,1140.0,81.42857142857143,False,1.0,21.282791003151715,26.13676088106351,0.4689381208550133,0.5952014293025728,0.532069775078793,0,sktime predict_interval / predict_quantiles,,,,,,,-0.0625,,7.0,,,
workforce,workforce,expanding,16,sktime_theta,gam,675,2025-11-06,2025-11-19,14,0.0815455000847578,,4.302388501356766,5.540382407803875,5.292920827679678,0.8975626230188382,,5.24436969337251,5.257214977708495,1138.0,81.28571428571429,False,1.0,20.912289352154364,25.726893754847197,0.503505686221185,0.542108781386534,0.5228072338038594,0,sktime predict_interval / predict_quantiles,,,,,,,-0.0625,,7.0,,,
workforce,workforce,expanding,17,sktime_theta,gam,689,2025-11-20,2025-12-03,14,0.0836949999211356,,4.001679692242567,4.864054746125995,4.711817972362989,0.8232716591581992,,5.061923047919571,5.163676410761534,1189.0,84.92857142857143,False,0.9285714285714286,21.652348152286347,25.494774948024297,0.5592229543445525,0.6598967135457201,0.6095598339451362,0,sktime predict_interval / predict_quantiles,,,,,,,-0.0625,,7.0,,,
workforce,workforce,expanding,18,sktime_theta,gam,703,2025-12-04,2025-12-17,14,0.09187540004495531,,2.9883831898260196,3.6211712736080703,3.404179386294896,0.6177352836705998,,4.023723884458931,4.1271267955262525,1229.0,87.78571428571429,False,0.9285714285714286,22.476405347094524,25.603716424680496,0.5695779914664094,0.5844638158021965,0.577020903634303,0,sktime predict_interval / predict_quantiles,,,,,,,-0.0625,,7.0,,,
workforce,workforce,expanding,19,sktime_theta,gam,717,2025-12-18,2025-12-31,14,0.08685720001813024,,4.0288288185305055,5.0823158460379245,4.48716017974758,0.8317733239769289,,4.869762453685367,4.959850457357994,1257.0,89.78571428571429,False,1.0,22.630020558250926,25.20447794872816,0.6097114336870206,0.5217895942255262,0.5657505139562734,0,sktime predict_interval / predict_quantiles,,,,,,,-0.04999999999999993,,7.0,,,
workforce,workforce,expanding,0,lgbm_quantile,ml,451,2025-03-27,2025-04-09,14,2.6805473999120295,,17.303456598255337,21.195443396792076,20.477463429887973,4.2305807982518555,,18.505317829396052,21.017863962851095,1183.0,84.5,False,0.21428571428571427,6.965458420889084,8.243146060223769,1.08944641692027,12.377307019173953,6.733376718047111,0,quantile objective (alpha=0.05/0.95),,,,,,,-0.25,,,5831.0,,
workforce,workforce,expanding,1,lgbm_quantile,ml,465,2025-04-10,2025-04-23,14,2.5807251000078395,,6.612026557420141,8.017243298896648,7.340870087540203,1.509625206031119,,8.094808802028197,8.184987087709592,1261.0,90.07142857142857,False,0.6428571428571429,13.735415480132541,15.249470001733195,1.216440423398582,0.5208443143177065,0.8686423688581442,0,quantile objective (alpha=0.05/0.95),,,,,,,-0.2749999999999999,,,6027.0,,
workforce,workforce,expanding,2,lgbm_quantile,ml,479,2025-04-24,2025-05-07,14,2.6034577999962494,,8.861471956689586,11.584500312932098,9.948725532770988,1.989826243367024,,11.001328539596953,10.189469705299944,1247.0,89.07142857142857,False,0.7142857142857143,22.09274152249353,24.80339866198151,1.9608969313388713,0.9942734426972359,1.4775851870180536,0,quantile objective (alpha=0.05/0.95),,,,,,,-0.16249999999999998,,,6223.0,,
workforce,workforce,expanding,3,lgbm_quantile,ml,493,2025-05-08,2025-05-21,14,2.786210300051607,,7.207890107166875,8.775567441988207,8.305387777805453,1.6098504559205429,,8.792191735305458,8.241899738319093,1215.0,86.78571428571429,False,0.21428571428571427,10.319169092959187,11.890400600940627,6.183004003168518,0.8210612524356822,3.5020326278021003,0,quantile objective (alpha=0.05/0.95),,,,,,,-0.16249999999999998,,,6419.0,,
workforce,workforce,expanding,4,lgbm_quantile,ml,507,2025-05-22,2025-06-04,14,2.4850533000426367,,4.3810497694218045,5.865148642341658,5.031558389819955,0.9603353286764148,,5.3704588074684185,5.455108279072215,1219.0,87.07142857142857,False,0.5714285714285714,11.25179115846879,12.922483693073264,0.5891907815576592,1.0461924193376806,0.81769160044767,0,quantile objective (alpha=0.05/0.95),,,,,,,-0.1499999999999999,,,6615.0,,
workforce,workforce,expanding,5,lgbm_quantile,ml,521,2025-06-05,2025-06-18,14,2.597125399974175,,5.717960121814992,8.012050780751581,6.471418084511712,1.249588223900045,,6.079082885844273,6.19298573742774,1237.0,88.35714285714286,False,0.6428571428571429,12.891644574972014,14.590381895683766,0.7186630327711067,1.414496617890361,1.066579825330734,0,quantile objective (alpha=0.05/0.95),,,,,,,-0.09999999999999998,,,6811.0,,
workforce,workforce,expanding,6,lgbm_quantile,ml,535,2025-06-19,2025-07-02,14,2.8560846999753267,,7.858603252822948,8.839325013450756,9.107652776450436,1.7054428760750169,,9.636448613664138,9.083307240618996,1208.0,86.28571428571429,False,0.35714285714285715,17.342227381290208,20.09860789222375,2.45950078746078,0.9392410760883255,1.6993709317745527,0,quantile objective (alpha=0.05/0.95),,,,,,,-0.11249999999999993,,,7007.0,,
workforce,workforce,expanding,7,lgbm_quantile,ml,549,2025-07-03,2025-07-16,14,2.8861723999725655,,6.3198404897917495,7.481945179357382,7.25227597189217,1.369046181241858,,7.807723946207015,7.6945878848627025,1220.0,87.14285714285714,False,0.5714285714285714,12.002262047614071,13.773087595622705,0.789168633313036,0.9958734393108245,0.8925210363119302,0,quantile objective (alpha=0.05/0.95),,,,,,,-0.09999999999999998,,,7203.0,,
workforce,workforce,expanding,8,lgbm_quantile,ml,563,2025-07-17,2025-07-30,14,2.6627796000102535,,4.625266711982468,5.479308180644968,5.106761353923861,1.0022012049346267,,5.421748529110589,5.618843488354967,1268.0,90.57142857142857,False,0.5714285714285714,8.180805701568884,9.03243531718962,0.3764248261278777,0.9295653496851367,0.6529950879065072,0,quantile objective (alpha=0.05/0.95),,,,,,,-0.08749999999999991,,,7399.0,,
workforce,workforce,expanding,9,lgbm_quantile,ml,577,2025-07-31,2025-08-13,14,2.6971975999185815,,4.190238947221315,5.73205326909955,4.777145379568274,0.9098804571109139,,5.01455594126642,4.917816928128321,1228.0,87.71428571428571,False,0.6428571428571429,10.041846702842106,11.448359433207614,1.0387439987049756,0.54934946176627,0.7940467302356228,0,quantile objective (alpha=0.05/0.95),,,,,,,-0.07499999999999996,,,7595.0,,
workforce,workforce,expanding,10,lgbm_quantile,ml,591,2025-08-14,2025-08-27,14,2.9476817999966443,,4.946096381262466,6.974078778049319,5.597845540636583,1.0726031513766356,,5.698799815245092,5.468179683380102,1237.0,88.35714285714286,False,0.35714285714285715,9.571531657898309,10.832776330685231,1.405271572980405,0.9536012961705896,1.1794364345754973,0,quantile objective (alpha=0.05/0.95),,,,,,,-0.04999999999999993,,,7791.0,,
workforce,workforce,expanding,11,lgbm_quantile,ml,605,2025-08-28,2025-09-10,14,2.8506832000566646,,5.349426383667384,5.817163670033541,6.118624948639165,1.1441190906413075,,7.447392500389456,7.163460877348604,1224.0,87.42857142857143,False,0.7142857142857143,13.182302272166064,15.077796716529813,0.9981413857084548,0.46132715105159694,0.7297342683800259,0,quantile objective (alpha=0.05/0.95),,,,,,,-0.0625,,,7987.0,,
workforce,workforce,expanding,12,lgbm_quantile,ml,619,2025-09-11,2025-09-24,14,2.9651854999829084,,4.925828995653477,6.492406040515652,5.874072056145543,1.0460122641706897,,5.817441391809142,5.715690921801648,1174.0,83.85714285714286,False,0.6428571428571429,12.443537196090375,14.838971102663137,1.6883974623849818,0.7285831329917558,1.208490297688369,0,quantile objective (alpha=0.05/0.95),,,,,,,-0.07499999999999996,,,8183.0,,
workforce,workforce,expanding,13,lgbm_quantile,ml,633,2025-09-25,2025-10-08,14,3.6334817999741063,,4.973845056542813,6.697459746499344,6.2846417681948905,1.0434406854543568,,5.936615948723793,5.655250447737916,1108.0,79.14285714285714,False,0.5714285714285714,9.365813410483932,11.83406026595443,1.1675350715201904,0.4031595978793239,0.7853473346997571,0,quantile objective (alpha=0.05/0.95),,,,,,,-0.07499999999999996,,,8379.0,,
workforce,workforce,expanding,14,lgbm_quantile,ml,647,2025-10-09,2025-10-22,14,3.2609387000557035,,5.1535115528430335,5.905431789500687,6.317789994728762,1.084593026576633,,6.421836503918955,6.502647965542815,1142.0,81.57142857142857,False,0.5714285714285714,11.867681145021342,14.548821018414957,0.5429130711216948,0.49738522812297437,0.5201491496223346,0,quantile objective (alpha=0.05/0.95),,,,,,,-0.0625,,,8575.0,,
workforce,workforce,expanding,15,lgbm_quantile,ml,661,2025-10-23,2025-11-05,14,2.9780386000638828,,3.779114626549981,4.629285053355882,4.641017962429802,0.7921605659498999,,4.742904678192829,4.6937420098756375,1140.0,81.42857142857143,False,0.7142857142857143,11.298930154431785,13.87587913702149,0.5958488788988267,0.5192912104888072,0.557570044693817,0,quantile objective (alpha=0.05/0.95),,,,,,,-0.0625,,,8771.0,,
workforce,workforce,expanding,16,lgbm_quantile,ml,675,2025-11-06,2025-11-19,14,2.8838301999494433,,3.735978023040166,5.512216676214089,4.596106530980872,0.7793982883793975,,4.356775175585255,4.265779688999593,1138.0,81.28571428571429,False,0.6428571428571429,10.51473535683752,12.935526801030338,0.8465089047521691,0.8150072718181735,0.8307580882851713,0,quantile objective (alpha=0.05/0.95),,,,,,,-0.0625,,,8967.0,,
workforce,workforce,expanding,17,lgbm_quantile,ml,689,2025-11-20,2025-12-03,14,2.9576006000861526,,4.934408993829282,6.015668991351163,5.8100694628772045,1.0151634792734754,,5.691476422169105,5.862245121713504,1189.0,84.92857142857143,False,0.7857142857142857,11.936191810364402,14.054389011362625,0.4535192712868357,0.6607523423448772,0.5571358068158565,0,quantile objective (alpha=0.05/0.95),,,,,,,-0.0625,,,9163.0,,
workforce,workforce,expanding,18,lgbm_quantile,ml,703,2025-12-04,2025-12-17,14,3.066078500007279,,3.2565811251308943,4.411298865429188,3.7096937145510593,0.6731750707131282,,3.669836408613643,3.730375434844761,1229.0,87.78571428571429,False,0.7857142857142857,10.623634866768226,12.101780971094806,0.39096466283785236,0.7404136964464233,0.5656891796421378,0,quantile objective (alpha=0.05/0.95),,,,,,,-0.0625,,,9359.0,,
workforce,workforce,expanding,19,lgbm_quantile,ml,717,2025-12-18,2025-12-31,14,3.557519100024365,,4.592199916801492,6.0641909572190755,5.114622023486149,0.9480843096624191,,4.78777473560755,4.63345027185049,1257.0,89.78571428571429,False,0.7857142857142857,7.772379997435203,8.656588700405157,1.1316388522119012,0.6559112021607074,0.8937750271863043,0,quantile objective (alpha=0.05/0.95),,,,,,,-0.04999999999999993,,,9555.0,,
workforce,workforce,expanding,0,lgbm_conformal,ml,451,2025-03-27,2025-04-09,14,2.096512100077234,,16.821090808788917,20.767484682724596,19.90661634176203,4.112645550166453,,17.848086235192916,20.165845392294095,1183.0,84.5,False,0.35714285714285715,20.072868944303945,23.754874490300526,1.2206264951909207,7.872722348040027,4.5466744216154735,0,"split conformal (per-horizon, refit each fold)",,,,,,,-0.25,,,5831.0,0.04915854509095219,0.05085263682462182
workforce,workforce,expanding,1,lgbm_conformal,ml,465,2025-04-10,2025-04-23,14,2.057214800035581,,8.3484448982752,10.345018139552865,9.268693780797209,1.9060756547407984,,10.674696453787748,11.120124583977178,1261.0,90.07142857142857,False,0.7857142857142857,40.20682237392054,44.63881944765167,0.9843780811865991,1.4796221819757984,1.2320001315811988,0,"split conformal (per-horizon, refit each fold)",,,,,,,-0.2749999999999999,,,6027.0,0.05974718326926398,0.06828105612149349
workforce,workforce,expanding,2,lgbm_conformal,ml,479,2025-04-24,2025-05-07,14,2.17200869997032,,13.780564347125926,17.575164506050328,15.471363340798955,3.0943988448351267,,15.952820096806738,14.255479944170716,1247.0,89.07142857142857,False,0.8571428571428571,54.008981562356325,60.635584753246874,0.9971698274021384,2.1112378180726163,1.5542038227373773,0,"split conformal (per-horizon, refit each fold)",,,,,,,-0.16249999999999998,,,6223.0,0.09363588617730567,0.14362361821270486
workforce,workforce,expanding,3,lgbm_conformal,ml,493,2025-05-08,2025-05-21,14,2.0429492000257596,,8.12357720519417,10.221917458057701,9.36050048335131,1.8143651294689185,,9.802575388938433,9.273347912591088,1215.0,86.78571428571429,False,1.0,48.02800945608793,55.340916245698025,0.7624624737717208,1.6389379990326767,1.2007002364021988,0,"split conformal (per-horizon, refit each fold)",,,,,,,-0.16249999999999998,,,6419.0,0.09519410489527269,0.14398711761263483
workforce,workforce,expanding,4,lgbm_conformal,ml,507,2025-05-22,2025-06-04,14,2.021469400031492,,4.26316098115075,5.51709951194599,4.896165195743274,0.9344938582092832,,5.1767866352246115,5.358682440109918,1219.0,87.07142857142857,False,1.0,43.6619049121222,50.144927708753976,1.050708251559448,1.1323869940466629,1.0915476228030554,0,"split conformal (per-horizon, refit each fold)",,,,,,,-0.1499999999999999,,,6615.0,0.10070045711789133,0.15442364371297534
workforce,workforce,expanding,5,lgbm_conformal,ml,521,2025-06-05,2025-06-18,14,2.02737259992864,,5.3337383922615675,8.0136549379409,6.036567299245105,1.1656214003496794,,5.536712864297106,5.686913283072898,1237.0,88.35714285714286,False,1.0,42.600040630459155,48.21346554781149,1.0820801145478316,1.047921916975127,1.0650010157614793,0,"split conformal (per-horizon, refit each fold)",,,,,,,-0.09999999999999998,,,6811.0,0.12457686054729811,0.18898264745170312
workforce,workforce,expanding,6,lgbm_conformal,ml,535,2025-06-19,2025-07-02,14,2.0861688000150025,,6.965045176299512,7.665113110512782,8.072072224188176,1.511526450097058,,8.558561288140286,8.159258524898341,1208.0,86.28571428571429,False,1.0,42.510629544770566,49.26728589625727,0.5968121559602675,1.5287193212782626,1.062765738619265,0,"split conformal (per-horizon, refit each fold)",,,,,,,-0.11249999999999993,,,7007.0,0.10917897738495519,0.15902411690419704
workforce,workforce,expanding,7,lgbm_conformal,ml,549,2025-07-03,2025-07-16,14,2.071360999951139,,6.233097598091402,7.846517895021131,7.152734948629477,1.3502553549822303,,7.454084780094471,7.282040119372605,1220.0,87.14285714285714,False,1.0,41.833298006325144,48.0054239416846,0.7859724313260443,1.3056924689902143,1.0458324501581293,0,"split conformal (per-horizon, refit each fold)",,,,,,,-0.09999999999999998,,,7203.0,0.11949449486279207,0.17621814403624958
workforce,workforce,expanding,8,lgbm_conformal,ml,563,2025-07-17,2025-07-30,14,2.0640429999912158,,4.967430076104441,5.523999532936696,5.48454424806484,1.0763410453289435,,5.796608108508706,6.0003689946640755,1268.0,90.57142857142857,False,1.0,39.10600592250715,43.17697814787856,1.0724777591497392,0.8828225369756189,0.977650148062679,0,"split conformal (per-horizon, refit each fold)",,,,,,,-0.08749999999999991,,,7399.0,0.1369482016273369,0.1522180850227257
workforce,workforce,expanding,9,lgbm_conformal,ml,577,2025-07-31,2025-08-13,14,2.130879000062123,,5.828329920079177,6.540434903307185,6.644675804650528,1.2655802112171928,,6.940555456924853,6.828343424108355,1228.0,87.71428571428571,False,1.0,29.352542540382757,33.46381071379142,0.4999325081253673,0.9676946188937716,0.7338135635095695,0,"split conformal (per-horizon, refit each fold)",,,,,,,-0.07499999999999996,,,7595.0,0.12358524141336158,0.11086548274934982
workforce,workforce,expanding,10,lgbm_conformal,ml,591,2025-08-14,2025-08-27,14,2.036159799899906,,4.943010986430673,6.288887700263409,5.594353582055734,1.0719340572133356,,5.425509837955302,5.293169862542898,1237.0,88.35714285714286,False,1.0,46.45716130167351,52.57884060011553,0.9594131509665996,1.3634449141170772,1.1614290325418384,0,"split conformal (per-horizon, refit each fold)",,,,,,,-0.04999999999999993,,,7791.0,0.1948467651321888,0.21545791334061892
workforce,workforce,expanding,11,lgbm_conformal,ml,605,2025-08-28,2025-09-10,14,2.0890216000843793,,5.570271210074225,6.380789472861802,6.3712252402809755,1.1913527123120122,,8.154152490248109,7.7138952352890815,1224.0,87.42857142857143,False,1.0,50.6045435217977,57.88101383212155,0.9438786776576693,1.5863484984322171,1.2651135880449433,0,"split conformal (per-horizon, refit each fold)",,,,,,,-0.0625,,,7987.0,0.18669412620117143,0.22495881252598604
workforce,workforce,expanding,12,lgbm_conformal,ml,619,2025-09-11,2025-09-24,14,2.1982965999050066,,4.958783486826776,6.897690635827877,5.913370427221028,1.0530102338438538,,5.999656377557248,5.8427976202446334,1174.0,83.85714285714286,False,0.8571428571428571,21.67701806807435,25.84993636737997,0.9922370894845235,0.619228317201858,0.8057327033431907,0,"split conformal (per-horizon, refit each fold)",,,,,,,-0.07499999999999996,,,8183.0,0.10339766043402898,0.09538513175051389
workforce,workforce,expanding,13,lgbm_conformal,ml,633,2025-09-25,2025-10-08,14,2.1600691999774426,,4.307651783079396,5.41178389493864,5.442881314360248,0.9036829813028491,,5.35391287217081,5.175653493987052,1108.0,79.14285714285714,False,1.0,20.805860522062222,26.288993439428804,0.31662944792058995,0.7236635781825218,0.5201465130515559,0,"split conformal (per-horizon, refit each fold)",,,,,,,-0.07499999999999996,,,8379.0,0.0891498934930337,0.09611927785623298
workforce,workforce,expanding,14,lgbm_conformal,ml,647,2025-10-09,2025-10-22,14,2.1837871000170708,,5.818307921353802,6.708323066043057,7.132776786248093,1.2245041333990243,,7.383688115529188,7.4257016133577745,1142.0,81.57142857142857,False,0.9285714285714286,20.31156047147763,24.900336830182734,0.6106089657176154,0.44161092278291053,0.5261099442502629,0,"split conformal (per-horizon, refit each fold)",,,,,,,-0.0625,,,8575.0,0.09440148297559237,0.10125677297303115
workforce,workforce,expanding,15,lgbm_conformal,ml,661,2025-10-23,2025-11-05,14,2.089526699972339,,4.447324934239797,5.238101770740599,5.461627112224312,0.9322277266002651,,5.568391504377196,5.586758172495853,1140.0,81.42857142857143,False,1.0,21.121343002989352,25.938491407179903,0.5677523217664663,0.4883148283830016,0.5280335750747339,0,"split conformal (per-horizon, refit each fold)",,,,,,,-0.0625,,,8771.0,0.09818656604957043,0.10424469146714888
workforce,workforce,expanding,16,lgbm_conformal,ml,675,2025-11-06,2025-11-19,14,1.9191361999837682,,4.25464113498385,5.7600951387795725,5.234180658152364,0.8876015859366683,,4.816640052802446,4.738440210796649,1138.0,81.28571428571429,False,0.9285714285714286,19.851839036973722,24.42229758502918,0.5255909359296322,0.5696871330015721,0.5476390344656021,0,"split conformal (per-horizon, refit each fold)",,,,,,,-0.0625,,,8967.0,0.08582205551956168,0.09855430492983341
workforce,workforce,expanding,17,lgbm_conformal,ml,689,2025-11-20,2025-12-03,14,1.948960099951364,,4.376186589549715,5.146018978826031,5.152784882564846,0.9003195336569852,,5.241721823756122,5.308188813879751,1189.0,84.92857142857143,False,0.9285714285714286,19.048449242890168,22.428788006767228,0.506908511515693,0.5174780379061933,0.5121932747109432,0,"split conformal (per-horizon, refit each fold)",,,,,,,-0.0625,,,9163.0,0.08648943935369102,0.08892544062808438
workforce,workforce,expanding,18,lgbm_conformal,ml,703,2025-12-04,2025-12-17,14,1.8220032999524847,,3.97832369687297,5.31135930272849,4.531857750709649,0.8223680703960758,,4.5113158257942665,4.606942195161672,1229.0,87.78571428571429,False,1.0,23.628105234003918,26.915660966318537,0.5995484988112748,0.5818567628889214,0.5907026308500981,0,"split conformal (per-horizon, refit each fold)",,,,,,,-0.0625,,,9359.0,0.09597898405636585,0.11401540853967163
workforce,workforce,expanding,19,lgbm_conformal,ml,717,2025-12-18,2025-12-31,14,1.8911649999208748,,4.140746613068041,5.345339126943996,4.6118100702428455,0.854879353090523,,4.497172674306764,4.372693121654307,1257.0,89.78571428571429,False,1.0,23.75405824089389,26.456389448887386,0.406601577680527,0.7811013343641686,0.5938514560223478,0,"split conformal (per-horizon, refit each fold)",,,,,,,-0.04999999999999993,,,9555.0,0.09408053092789626,0.11336218530730013
workforce,workforce,rolling,0,seasonal_naive,baseline,365,2025-03-27,2025-04-09,14,0.00042619998566806316,,16.357142857142858,21.02889169010782,19.357565511411664,4.005374242720344,,17.544048989096844,20.03223689184407,1183.0,84.5,False,0.35714285714285715,18.0,21.301775147928996,1.1892857142857145,9.353571428571428,5.271428571428571,0,conformal(in-sample seasonal-naive residuals),,,,,,,,,,,,
workforce,workforce,rolling,1,seasonal_naive,baseline,365,2025-04-10,2025-04-23,14,0.000345999957062304,,6.785714285714286,8.639609779547751,7.53370340999207,1.515462080028518,,7.545456243571687,7.358589771315441,1261.0,90.07142857142857,False,0.7142857142857143,20.0,22.204599524187156,1.1892857142857143,0.7392857142857148,0.9642857142857145,0,conformal(in-sample seasonal-naive residuals),,,,,,,,,,,,
workforce,workforce,rolling,2,seasonal_naive,baseline,365,2025-04-24,2025-05-07,14,0.0003288000589236617,,6.785714285714286,9.075083628107395,7.618283881315156,1.4722943722943722,,7.1804031380433715,7.201293877924726,1247.0,89.07142857142857,False,0.7857142857142857,20.0,22.453889334402565,1.2107142857142856,1.360714285714286,1.2857142857142858,0,conformal(in-sample seasonal-naive residuals),,,,,,,,,,,,
workforce,workforce,rolling,3,seasonal_naive,baseline,365,2025-05-08,2025-05-21,14,0.0003306999569758773,,8.785714285714286,11.436158196077661,10.123456790123457,1.8644254382250827,,9.627984346867313,9.47894281266568,1215.0,86.78571428571429,False,0.6428571428571429,20.0,23.045267489711932,1.6964285714285714,1.8035714285714286,1.75,0,conformal(in-sample seasonal-naive residuals),,,,,,,,,,,,
workforce,workforce,rolling,4,seasonal_naive,baseline,365,2025-05-22,2025-06-04,14,0.00032240001019090414,,5.357142857142857,7.823955886524778,6.152584085315833,1.1047564186965106,,6.978462985128529,7.515205821496131,1219.0,87.07142857142857,False,0.8571428571428571,22.0,25.26661197703035,0.7392857142857144,1.360714285714286,1.0500000000000003,0,conformal(in-sample seasonal-naive residuals),,,,,,,,,,,,
workforce,workforce,rolling,5,seasonal_naive,baseline,365,2025-06-05,2025-06-18,14,0.00032649992499500513,,6.785714285714286,8.787165966014623,7.679870654810024,1.3826327343686478,,8.171695675907602,8.120330981903132,1237.0,88.35714285714286,False,0.8571428571428571,22.0,24.898949070331447,0.6107142857142858,1.4892857142857143,1.05,0,conformal(in-sample seasonal-naive residuals),,,,,,,,,,,,
workforce,workforce,rolling,6,seasonal_naive,baseline,365,2025-06-19,2025-07-02,14,0.0003405999159440398,,5.142857142857143,7.755182598937123,5.960264900662252,1.0297219558964525,,5.661620378893896,5.457665823147306,1208.0,86.28571428571429,False,0.8571428571428571,22.0,25.49668874172185,1.3714285714285717,0.7285714285714293,1.0500000000000005,0,conformal(in-sample seasonal-naive residuals),,,,,,,,,,,,
workforce,workforce,rolling,7,seasonal_naive,baseline,365,2025-07-03,2025-07-16,14,0.0003418000414967537,,5.428571428571429,6.535616704970214,6.229508196721312,1.0790830490997065,,7.250736566956049,7.198276954412723,1220.0,87.14285714285714,False,0.9285714285714286,22.0,25.245901639344265,0.4928571428571429,0.821428571428572,0.6571428571428575,0,conformal(in-sample seasonal-naive residuals),,,,,,,,,,,,
workforce,workforce,rolling,8,seasonal_naive,baseline,365,2025-07-17,2025-07-30,14,0.0003245000261813402,,6.571428571428571,7.634508123364221,7.255520504731862,1.2890802348336594,,7.7716715203712,8.08948150930451,1268.0,90.57142857142857,False,0.9285714285714286,22.0,24.290220820189276,0.6642857142857143,0.578571428571429,0.6214285714285717,0,conformal(in-sample seasonal-naive residuals),,,,,,,,,,,,
workforce,workforce,rolling,9,seasonal_naive,baseline,365,2025-07-31,2025-08-13,14,0.0003250000299885869,,4.142857142857143,5.437961803049794,4.723127035830619,0.8194159431728494,,5.025099098249611,4.913096850413439,1228.0,87.71428571428571,False,0.9285714285714286,22.0,25.0814332247557,0.6571428571428571,0.6571428571428578,0.6571428571428575,0,conformal(in-sample seasonal-naive residuals),,,,,,,,,,,,
workforce,workforce,rolling,10,seasonal_naive,baseline,365,2025-08-14,2025-08-27,14,0.0003367000026628375,,5.642857142857143,6.627863262664026,6.386418755052546,1.105110972178806,,7.015026743788251,6.830870351149063,1237.0,88.35714285714286,False,0.9285714285714286,22.0,24.898949070331447,0.7035714285714288,0.5392857142857147,0.6214285714285718,0,conformal(in-sample seasonal-naive residuals),,,,,,,,,,,,
workforce,workforce,rolling,11,seasonal_naive,baseline,365,2025-08-28,2025-09-10,14,0.00032569991890341043,,5.857142857142857,7.338742593737898,6.699346405228758,1.111212052388523,,7.196649451932224,6.9560433742100445,1224.0,87.42857142857143,False,0.8571428571428571,22.600000000000023,25.849673202614404,0.5007142857142856,0.8721428571428574,0.6864285714285715,0,conformal(in-sample seasonal-naive residuals),,,,,,,,,,,,
workforce,workforce,rolling,12,seasonal_naive,baseline,365,2025-09-11,2025-09-24,14,0.0002989000640809536,,7.285714285714286,10.274795792200864,8.68824531516184,1.3684605006745614,,8.468362588511425,8.092077181710195,1174.0,83.85714285714286,False,0.7142857142857143,22.600000000000023,26.9505962521295,2.0935714285714266,0.8792857142857146,1.4864285714285705,0,conformal(in-sample seasonal-naive residuals),,,,,,,,,,,,
workforce,workforce,rolling,13,seasonal_naive,baseline,365,2025-09-25,2025-10-08,14,0.00031969998963177204,,6.571428571428571,7.5687326736854885,8.303249097472925,1.1960200450286875,,8.066222223043876,8.02121745900486,1108.0,79.14285714285714,False,0.8571428571428571,24.0,30.324909747292423,0.7,0.6428571428571433,0.6714285714285717,0,conformal(in-sample seasonal-naive residuals),,,,,,,,,,,,
workforce,workforce,rolling,14,seasonal_naive,baseline,365,2025-10-09,2025-10-22,14,0.0003162999637424946,,6.142857142857143,7.892129895390362,7.530647985989491,1.1118012422360248,,8.003821947530152,7.957028040123375,1142.0,81.57142857142857,False,0.8571428571428571,24.0,29.422066549912433,0.6857142857142857,0.871428571428572,0.7785714285714289,0,conformal(in-sample seasonal-naive residuals),,,,,,,,,,,,
workforce,workforce,rolling,15,seasonal_naive,baseline,365,2025-10-23,2025-11-05,14,0.0003215000033378601,,4.285714285714286,5.8675865079751,5.263157894736842,0.7659938663433421,,5.466426978771632,5.47856727974957,1140.0,81.42857142857143,False,0.9285714285714286,26.0,31.929824561403507,0.6357142857142859,0.9500000000000005,0.7928571428571431,0,conformal(in-sample seasonal-naive residuals),,,,,,,,,,,,
workforce,workforce,rolling,16,seasonal_naive,baseline,365,2025-11-06,2025-11-19,14,0.00031919998582452536,,7.285714285714286,8.693182879212227,8.963093145869948,1.2912305516265912,,8.812043969299953,8.773662218006175,1138.0,81.28571428571429,False,0.8571428571428571,26.0,31.98594024604569,1.1857142857142855,0.6142857142857148,0.9000000000000001,0,conformal(in-sample seasonal-naive residuals),,,,,,,,,,,,
workforce,workforce,rolling,17,seasonal_naive,baseline,365,2025-11-20,2025-12-03,14,0.00029580004047602415,,4.071428571428571,5.092010548749033,4.79394449116905,0.6967358645178912,,4.814468360717545,4.92662388560427,1189.0,84.92857142857143,False,1.0,26.0,30.61396131202691,0.7178571428571429,0.5821428571428579,0.6500000000000004,0,conformal(in-sample seasonal-naive residuals),,,,,,,,,,,,
workforce,workforce,rolling,18,seasonal_naive,baseline,365,2025-12-04,2025-12-17,14,0.0003046999918296933,,5.214285714285714,6.840008354213778,5.939788445890969,0.8965966790174283,,5.938586250647432,6.120963978478032,1229.0,87.78571428571429,False,0.9285714285714286,26.0,29.617575264442635,0.7892857142857144,0.9392857142857148,0.8642857142857145,0,conformal(in-sample seasonal-naive residuals),,,,,,,,,,,,
workforce,workforce,rolling,19,seasonal_naive,baseline,365,2025-12-18,2025-12-31,14,0.0003132999408990145,,5.214285714285714,6.745368781616021,5.807478122513922,0.8876435024794512,,5.512304109110563,5.685072817104885,1257.0,89.78571428571429,False,0.9285714285714286,26.0,28.957836117740648,0.8321428571428573,0.6821428571428575,0.7571428571428573,0,conformal(in-sample seasonal-naive residuals),,,,,,,,,,,,
workforce,workforce,rolling,0,sarima,classical,365,2025-03-27,2025-04-09,14,8.283302600029856,,15.067416954773334,18.882226127699244,17.831262668370808,3.6895590080771914,,16.13503843068236,18.182993706849214,1183.0,84.5,False,0.35714285714285715,16.343619765202387,19.34156185231052,1.0953126335081451,7.948728060772014,4.52202034714008,0,analytic (state-space),"(1, 2, 2)","(0, 1, 1, 7)",-1712.0915680568557,-1692.859374181567,0.8789157478772948,True,-0.2875,,,,,
workforce,workforce,rolling,1,sarima,classical,365,2025-04-10,2025-04-23,14,8.960226399940439,,7.0052367176556,9.152364054202724,7.777423794383695,1.5644883000129164,,8.132309222073,7.939271609209567,1261.0,90.07142857142857,False,0.7857142857142857,27.708336307330164,30.762625559288047,0.6832300982870869,1.2028642147779791,0.943047156532533,0,analytic (state-space),"(1, 2, 2)","(0, 1, 1, 7)",-1689.8437080378253,-1670.6115141625367,0.9020358999048254,True,-0.29999999999999993,,,,,
workforce,workforce,rolling,2,sarima,classical,365,2025-04-24,2025-05-07,14,7.1559589999960735,,6.4036401253027,9.203179111815437,7.18933133554433,1.3893958574899192,,7.305153917080758,6.859733224428358,1247.0,89.07142857142857,False,0.8571428571428571,26.51098634999084,29.763737682427564,1.1027731155801839,0.9721813084006109,1.0374772119903974,0,analytic (state-space),"(1, 2, 2)","(0, 1, 1, 7)",-1329.809796741554,-1310.5776028662654,0.8759204688646405,True,-0.17499999999999993,,,,,
workforce,workforce,rolling,3,sarima,classical,365,2025-05-08,2025-05-21,14,7.396496500005014,,7.850943640878051,9.844488173847328,9.04635481253438,1.6660568010873398,,9.044257519620192,8.449242453429703,1215.0,86.78571428571429,False,0.7857142857142857,26.500916017294923,30.536034917047644,0.8836530942307966,1.0380029235857102,0.9608280089082535,0,analytic (state-space),"(1, 2, 2)","(0, 1, 1, 7)",-1289.0522822119265,-1269.8200883366378,0.9809596374600077,True,-0.16249999999999998,,,,,
workforce,workforce,rolling,4,sarima,classical,365,2025-05-22,2025-06-04,14,7.8005175000289455,,5.5272963412117475,6.714176327496778,6.348002360702582,1.1398456740517313,,6.601027140567664,6.6370635692955675,1219.0,87.07142857142857,False,0.8571428571428571,25.542725129338187,29.335369303587743,0.5245894704701476,0.8709469740251653,0.6977682222476564,0,analytic (state-space),"(1, 2, 2)","(0, 1, 1, 7)",-1241.551691260162,-1222.3194973848733,0.9635570607425528,True,-0.1499999999999999,,,,,
workforce,workforce,rolling,5,sarima,classical,365,2025-06-05,2025-06-18,14,7.225905300001614,,4.664570168535756,5.907856626140437,5.279222502789054,0.9504360388934552,,5.565101166097929,5.419390741728551,1237.0,88.35714285714286,False,0.9285714285714286,25.572228630802556,28.94189174060111,0.6326568680602104,0.762633863850122,0.6976453659551662,0,analytic (state-space),"(1, 2, 2)","(0, 1, 1, 7)",-1094.4090897586404,-1075.1768958833518,0.7951788298438826,True,-0.09999999999999998,,,,,
workforce,workforce,rolling,6,sarima,classical,365,2025-06-19,2025-07-02,14,8.440249599982053,,6.83295248349958,7.512572487507689,7.918984666307459,1.3681191214165824,,7.897477459322519,7.566858656887865,1208.0,86.28571428571429,False,1.0,26.77392007810436,31.029377573962,0.29860318384718365,1.040092820058035,0.6693480019526094,0,analytic (state-space),"(1, 2, 2)","(0, 1, 1, 7)",-1127.7953125355016,-1108.563118660213,0.9264671646938103,True,-0.11249999999999993,,,,,
workforce,workforce,rolling,7,sarima,classical,365,2025-07-03,2025-07-16,14,9.278955499990843,,6.0391789959410085,7.11252810187218,6.9302054051782065,1.2004586788155918,,7.460326695287854,7.26295328405562,1220.0,87.14285714285714,False,0.9285714285714286,25.90069192899233,29.722105492286282,0.4904608934152815,0.8389851828180607,0.6647230381166711,0,analytic (state-space),"(1, 2, 2)","(0, 1, 1, 7)",-1092.5804990107054,-1073.3483051354167,0.9312174956948599,True,-0.09999999999999998,,,,,
workforce,workforce,rolling,8,sarima,classical,365,2025-07-17,2025-07-30,14,7.67857190000359,,2.6193744869199804,3.1922964284993647,2.8920538499116506,0.5138279815437551,,2.9440552035734044,2.961551393057515,1268.0,90.57142857142857,False,1.0,25.847236211123896,28.53795796180872,0.6337861067334737,0.6585757038227218,0.6461809052780978,0,analytic (state-space),"(1, 2, 2)","(0, 1, 1, 7)",-1053.878488141651,-1034.6462942663622,0.9888082073955933,True,-0.08749999999999991,,,,,
workforce,workforce,rolling,9,sarima,classical,365,2025-07-31,2025-08-13,14,8.57101590000093,,5.583677874794481,6.714890658324207,6.365756534781982,1.104395955346091,,6.405494991981556,6.218273417801652,1228.0,87.71428571428571,False,0.9285714285714286,26.05800167744317,29.707819501971045,0.3910928148606258,0.9177513562462745,0.6544220855534502,0,analytic (state-space),"(1, 2, 2)","(0, 1, 1, 7)",-986.2129674323585,-966.9807735570698,0.9051848154814862,True,-0.0625,,,,,
workforce,workforce,rolling,10,sarima,classical,365,2025-08-14,2025-08-27,14,7.578916899976321,,4.770861853022781,6.112724604983288,5.399520286363698,0.9343372775613543,,5.69504006367134,5.523489894136265,1237.0,88.35714285714286,False,0.9285714285714286,25.422889032800388,28.772873602199304,0.6885791762814727,0.7253877287899684,0.7069834525357206,0,analytic (state-space),"(1, 2, 2)","(0, 1, 1, 7)",-942.9434232405671,-923.7112293652784,0.893155806036298,True,-0.04999999999999993,,,,,
workforce,workforce,rolling,11,sarima,classical,365,2025-08-28,2025-09-10,14,8.6872836999828,,4.679515762399006,5.412576945512205,5.352387309933503,0.8877936634546073,,6.803701314245125,6.475280946731135,1224.0,87.42857142857143,False,0.9285714285714286,25.06490089740836,28.66900429442133,0.5615837907079007,0.8188032401789763,0.6901935154434384,0,analytic (state-space),"(0, 1, 1)","(0, 1, 1, 7)",-1002.9074499004396,-991.3508424611161,0.7748797296122698,True,-0.0625,,,,,
workforce,workforce,rolling,12,sarima,classical,365,2025-09-11,2025-09-24,14,6.544773300061934,,5.343832752509774,7.34483007488186,6.372543316451179,1.00372094721852,,6.33878897307871,6.068569016796775,1174.0,83.85714285714286,False,0.9285714285714286,24.066798182611564,28.69975933190476,0.8638991467124079,0.7712716960912919,0.8175854214018499,0,analytic (state-space),"(0, 1, 1)","(0, 1, 1, 7)",-1035.1461637229659,-1023.5895562836424,0.5101388604403909,True,-0.07499999999999996,,,,,
workforce,workforce,rolling,13,sarima,classical,365,2025-09-25,2025-10-08,14,7.443041599937715,,4.937794195749338,6.0881505284807815,6.2390901390334585,0.8986936055303828,,6.382918182036076,6.243653062687376,1108.0,79.14285714285714,False,1.0,23.625884322151542,29.852200407050688,0.39540616019648606,0.7858880559110917,0.5906471080537888,0,analytic (state-space),"(1, 2, 2)","(0, 1, 1, 7)",-1009.5027787554295,-990.2705848801409,0.6989070754449332,True,-0.07499999999999996,,,,,
workforce,workforce,rolling,14,sarima,classical,365,2025-10-09,2025-10-22,14,7.836367900017649,,4.175965040683393,4.8438704004998465,5.119396722378941,0.7558116706595828,,5.560062899376106,5.526911001315822,1142.0,81.57142857142857,False,1.0,22.643082302583867,27.75859476674029,0.5508253501345732,0.5813287649946206,0.5660770575645969,0,analytic (state-space),"(1, 1, 2)","(0, 1, 1, 7)",-951.964057790276,-932.7174338905417,0.9076907215453603,True,-0.04999999999999993,,,,,
workforce,workforce,rolling,15,sarima,classical,365,2025-10-23,2025-11-05,14,7.1067688999464735,,3.829037168670887,4.846267655024467,4.702326347490563,0.6843710965472679,,4.5073161295468624,4.548244239821925,1140.0,81.42857142857143,False,1.0,22.382043723035547,27.486720361622602,0.5956784479799244,0.5234237381718536,0.559551093075889,0,analytic (state-space),"(1, 2, 2)","(0, 1, 1, 7)",-862.9174174104559,-843.6852235351672,0.4302984850008945,True,-0.02499999999999991,,,,,
workforce,workforce,rolling,16,sarima,classical,365,2025-11-06,2025-11-19,14,7.215905699995346,,4.442214139226801,6.141826819765469,5.464938308363375,0.7872834959619774,,5.2191265298961955,5.327095894013451,1138.0,81.28571428571429,False,0.9285714285714286,22.16515951937642,27.268210305032504,0.6304803907038622,0.48472779618962025,0.5576040934467412,0,analytic (state-space),"(1, 2, 2)","(0, 1, 1, 7)",-896.3401452067824,-877.1079513314937,0.401791572551807,True,-0.03749999999999998,,,,,
workforce,workforce,rolling,17,sarima,classical,365,2025-11-20,2025-12-03,14,8.011120800045319,,4.69040965144201,5.673429390461657,5.522769984877051,0.8026609250555639,,5.563126511436877,5.752189234562697,1189.0,84.92857142857143,False,0.9285714285714286,22.721939054389054,26.754175505588456,0.6892801423346823,0.5411328457027088,0.6152064940186955,0,analytic (state-space),"(1, 2, 2)","(0, 1, 1, 7)",-826.5652929784364,-807.3330991031478,0.31921320111589097,True,-0.012499999999999956,,,,,
workforce,workforce,rolling,18,sarima,classical,365,2025-12-04,2025-12-17,14,7.567946100025438,,3.068852562881827,4.119409312357241,3.4958450675627,0.5276893455867887,,3.80384422751711,3.925131198862495,1229.0,87.78571428571429,False,1.0,23.524947100312804,26.79814966675177,0.7077411925163025,0.46850616249933824,0.5881236775078204,0,analytic (state-space),"(1, 2, 2)","(0, 1, 1, 7)",-750.6228174060758,-731.3906235307871,0.37972026176116946,True,0.012499999999999956,,,,,
workforce,workforce,rolling,19,sarima,classical,365,2025-12-18,2025-12-31,14,8.081006299937144,,4.908809207189383,5.958341987702451,5.467249713655637,0.8356413201016638,,5.337068986973245,5.474176409979636,1257.0,89.78571428571429,False,1.0,23.754661203268277,26.457061006026724,0.7297092217003582,0.4580238384630559,0.5938665300817071,0,analytic (state-space),"(1, 2, 2)","(0, 1, 1, 7)",-642.986164279542,-623.7539704042533,0.23159564557292267,True,0.050000000000000044,,,,,
workforce,workforce,rolling,0,ets,classical,365,2025-03-27,2025-04-09,14,0.49539729999378324,,15.564400184967013,19.473074587346183,18.419408502919545,3.811255312050746,,16.63441995472468,18.825368359646827,1183.0,84.5,False,0.35714285714285715,15.291221335666593,18.096119923865793,1.1009581618326003,8.820070928218414,4.960514545025507,0,analytic (state-space),,,-1836.5066316143611,-1781.9080686642062,0.8556231460598231,True,-0.2875,Holt-Winters-damped,,,,
workforce,workforce,rolling,1,ets,classical,365,2025-04-10,2025-04-23,14,0.4735013999743387,,6.20424152645075,8.304927132784712,6.8881349223085255,1.3856010395941165,,7.391276219700382,7.282500649177408,1261.0,90.07142857142857,False,0.8571428571428571,26.682125988905632,29.623296101877784,0.5678293668563397,1.1474280830420274,0.8576287249491835,0,analytic (state-space),,,-1808.34852043679,-1757.6498548402176,0.7113440411341999,True,-0.29999999999999993,Holt-Winters-add,,,,
workforce,workforce,rolling,2,ets,classical,365,2025-04-24,2025-05-07,14,0.43735869997181,,5.159681344234266,7.179619471647163,5.792745695210884,1.1194944977187073,,5.343866943309146,5.180198239074497,1247.0,89.07142857142857,False,0.8571428571428571,24.908382507561925,27.96450321618821,0.775819104264609,0.7221402446142206,0.7489796744394148,0,analytic (state-space),,,-1429.2820313169782,-1378.5833657204057,0.9052667132057578,True,-0.17499999999999993,Holt-Winters-add,,,,
workforce,workforce,rolling,3,ets,classical,365,2025-05-08,2025-05-21,14,0.4346523000858724,,5.3593127990664,7.013956419946634,6.175339850776098,1.1373052650063848,,6.455984687658477,6.173665347823003,1215.0,86.78571428571429,False,0.9285714285714286,24.880529290236094,28.66892263895517,0.5834294505158827,0.8300038457528512,0.706716648134367,0,analytic (state-space),,,-1383.768303665566,-1333.0696380689935,0.970860453525065,True,-0.16249999999999998,Holt-Winters-add,,,,
workforce,workforce,rolling,4,ets,classical,365,2025-05-22,2025-06-04,14,0.4837742999661714,,4.802928570505967,5.837636254930653,5.516078752016697,0.9904656844707006,,6.110470018250483,6.328817714479193,1219.0,87.07142857142857,False,0.8571428571428571,23.801414845981988,27.335505155352568,0.6103146797271727,0.9042121582068053,0.757263418966989,0,analytic (state-space),,,-1337.9633190406194,-1287.2646534440469,0.9640388207897953,True,-0.1499999999999999,Holt-Winters-add,,,,
workforce,workforce,rolling,5,ets,classical,365,2025-06-05,2025-06-18,14,0.3992038000142202,,4.0508798029281765,5.891841565647243,4.5846659046883165,0.825392697466299,,4.510270248711974,4.477255718145937,1237.0,88.35714285714286,False,0.9285714285714286,23.957025910738047,27.113853092185337,0.6672398094851254,0.6147560753337532,0.6409979424094393,0,analytic (state-space),,,-1180.2879060940684,-1129.589240497496,0.8799454569809779,True,-0.09999999999999998,Holt-Winters-add,,,,
workforce,workforce,rolling,6,ets,classical,365,2025-06-19,2025-07-02,14,0.5052282999968156,,5.182635101537003,5.852674769956772,6.006365183900501,1.0376864465046125,,6.1712193517043845,5.968180067368756,1208.0,86.28571428571429,False,1.0,25.15353989456634,29.151453520192778,0.35109204060643817,0.9065849541218797,0.628838497364159,0,analytic (state-space),,,-1214.4769491976704,-1163.7782836010979,0.9407132104401349,True,-0.11249999999999993,Holt-Winters-add,,,,
workforce,workforce,rolling,7,ets,classical,365,2025-07-03,2025-07-16,14,0.4743042999180034,,5.867697623030518,6.7440010805790225,6.7334235018383,1.1663718762048447,,7.280808476851765,7.160954868893585,1220.0,87.14285714285714,False,0.9285714285714286,24.348091126258705,27.94043243996901,0.4880455481562564,0.7494956175862963,0.6187705828712764,0,analytic (state-space),,,-1183.7280560417632,-1133.0293904451908,0.9433119934476415,True,-0.09999999999999998,Holt-Winters-add,,,,
workforce,workforce,rolling,8,ets,classical,365,2025-07-17,2025-07-30,14,0.40912419999949634,,2.5672362260004187,3.107946894319372,2.8344879466881596,0.5036003117304931,,2.9189347336207017,2.940566295842723,1268.0,90.57142857142857,False,1.0,24.532773416717426,27.086658346533437,0.6098039809027301,0.6168346899331417,0.6133193354179359,0,analytic (state-space),,,-1134.4154701657271,-1083.7168045691546,0.9238079618986343,True,-0.08749999999999991,Holt-Winters-add,,,,
workforce,workforce,rolling,9,ets,classical,365,2025-07-31,2025-08-13,14,0.440953699988313,,5.146032751289337,6.293124659405312,5.866812582903153,1.0178341021887198,,5.972762574134888,5.819411446012079,1228.0,87.71428571428571,False,0.9285714285714286,24.60831339000793,28.055080412061155,0.391048688350471,0.8530008171141682,0.6220247527323196,0,analytic (state-space),,,-1067.085537692051,-1016.3868720954787,0.825836968031264,True,-0.0625,Holt-Winters-add,,,,
workforce,workforce,rolling,10,ets,classical,365,2025-08-14,2025-08-27,14,0.5230057999724522,,4.734379523959084,6.125804695224463,5.358230665758057,0.9271924888278731,,5.673650880236117,5.4902516886076285,1237.0,88.35714285714286,False,0.9285714285714286,23.885831356960843,27.033277202704266,0.6993617957478688,0.6924238357102116,0.6958928157290403,0,analytic (state-space),,,-1028.5551982458144,-977.856532649242,0.8599694991718501,True,-0.04999999999999993,Holt-Winters-add,,,,
workforce,workforce,rolling,11,ets,classical,365,2025-08-28,2025-09-10,14,0.5307012000121176,,4.6403383778775735,5.372174218480964,5.30757657600376,0.8803609641124385,,6.749841564478129,6.427112652098541,1224.0,87.42857142857143,False,0.9285714285714286,24.46015360393368,27.977299873780353,0.5551090480851809,0.7994045367654498,0.6772567924253153,0,analytic (state-space),,,-1057.413973798849,-1006.7153082022766,0.8379273727978229,True,-0.0625,Holt-Winters-add,,,,
workforce,workforce,rolling,12,ets,classical,365,2025-09-11,2025-09-24,14,0.407889400026761,,5.336444131715123,7.328487574419979,6.363732354685838,1.0023331580031554,,6.323979114441112,6.0565697905199825,1174.0,83.85714285714286,False,0.9285714285714286,23.3321900181669,27.823735967149627,0.8742039301748858,0.7502524668364802,0.812228198505683,0,analytic (state-space),,,-1099.6034241986533,-1048.9047586020808,0.4963296951009698,True,-0.07499999999999996,Holt-Winters-add,,,,
workforce,workforce,rolling,13,ets,classical,365,2025-09-25,2025-10-08,14,0.4437074000015855,,6.109373667753786,7.523380066488904,7.7194252119632685,1.1119246431397334,,7.470091755699181,7.173761251183816,1108.0,79.14285714285714,False,1.0,22.950271521655974,28.99853802375304,0.2881562623460545,0.8593573137367451,0.5737567880413998,0,analytic (state-space),,,-1093.3197667518393,-1042.6211011552668,0.4491296536695364,True,-0.07499999999999996,Holt-Winters-add,,,,
workforce,workforce,rolling,14,ets,classical,365,2025-10-09,2025-10-22,14,0.42956620000768453,,4.15002089517658,4.824511722928479,5.087591290058854,0.7511160164171968,,5.58967183167817,5.541736709314062,1142.0,81.57142857142857,False,1.0,22.266783395936955,27.29728262198926,0.5216294355820812,0.5917097342147669,0.556669584898424,0,analytic (state-space),,,-1007.7410635568499,-957.0423979602775,0.28230960281952255,True,-0.04999999999999993,Holt-Winters-add,,,,
workforce,workforce,rolling,15,ets,classical,365,2025-10-23,2025-11-05,14,0.49059429997578263,,3.7435925538707613,4.789231772207919,4.597394364402689,0.6690994180158425,,4.765330139884613,4.682999889455442,1140.0,81.42857142857143,False,1.0,22.235079266568132,27.306237695785423,0.4908693991029106,0.6208845642254964,0.5558769816642035,0,analytic (state-space),,,-930.1081223040994,-879.409456707527,0.26593353571000256,True,-0.02499999999999991,Holt-Winters-add,,,,
workforce,workforce,rolling,16,ets,classical,365,2025-11-06,2025-11-19,14,0.45627219998277724,,4.03197347434534,5.283245476327544,4.960248562463511,0.7145774771364513,,4.656048232131116,4.641816394506558,1138.0,81.28571428571429,False,1.0,21.954672626538123,27.009263336690132,0.522517051728973,0.5752165795979336,0.5488668156634533,0,analytic (state-space),,,-974.0058368903851,-923.3071712938128,0.207495637181473,True,-0.03749999999999998,Holt-Winters-add,,,,
workforce,workforce,rolling,17,ets,classical,365,2025-11-20,2025-12-03,14,0.4287481000646949,,3.805496635927401,4.668884779094399,4.480820260974232,0.6512274357848994,,4.544979786207475,4.570252875698675,1189.0,84.92857142857143,False,1.0,22.802373710493924,26.848884099824637,0.5555215263837827,0.5845971591409141,0.5700593427623484,0,analytic (state-space),,,-896.0486613218529,-845.3499957252806,0.23829377791999143,True,-0.012499999999999956,Holt-Winters-add,,,,
workforce,workforce,rolling,18,ets,classical,365,2025-12-04,2025-12-17,14,0.46973230002913624,,2.5612172893106617,3.4720730924068404,2.9175786859519337,0.44040143591412917,,3.11497019069773,3.1915913268252516,1229.0,87.78571428571429,False,1.0,22.70622944466782,25.865517674967407,0.6241349992326259,0.5111764730007655,0.5676557361166957,0,analytic (state-space),,,-821.6190609950947,-767.0204980449398,0.15524133380608174,True,0.012499999999999956,Holt-Winters-damped,,,,
workforce,workforce,rolling,19,ets,classical,365,2025-12-18,2025-12-31,14,0.44784929999150336,,3.84715280623006,5.09565072720754,4.284816172412159,0.654912365492326,,4.216477487729522,4.274326556233326,1257.0,89.78571428571429,False,1.0,23.110250518237937,25.73934027488712,0.639673757805714,0.5158387681061832,0.5777562629559486,0,analytic (state-space),,,-707.8763988440404,-657.177733247468,0.13013734410036393,True,0.050000000000000044,Holt-Winters-add,,,,
workforce,workforce,rolling,0,prophet,gam,365,2025-03-27,2025-04-09,14,0.4147882000543177,,15.616188434942222,19.58758519552013,18.48069637271269,3.8239367029475484,,16.59491217806727,18.721539442685117,1183.0,84.5,False,0.35714285714285715,12.005831506465762,14.208084623036404,1.03379076805985,10.484941250302823,5.759366009181337,0,native (Prophet MAP trend + observation noise),,,,,,,,,,,,
workforce,workforce,rolling,1,prophet,gam,365,2025-04-10,2025-04-23,14,0.4047130000544712,,5.550984991634906,7.241993738858771,6.162869935201323,1.2397084385560178,,7.508429706425974,7.078942062554418,1261.0,90.07142857142857,False,0.6428571428571429,13.776191615546395,15.294740889583627,1.5593149912757276,0.6492299165812885,1.104272453928508,0,native (Prophet MAP trend + observation noise),,,,,,,,,,,,
workforce,workforce,rolling,2,prophet,gam,365,2025-04-24,2025-05-07,14,0.39307840005494654,,7.860135762861091,9.562774176007814,8.824530928633141,1.705411274608649,,7.805078880118914,8.107040527382175,1247.0,89.07142857142857,False,0.5714285714285714,14.107309598617386,15.838198426675493,0.8752253662039919,2.5218721367141073,1.6985487514590496,0,native (Prophet MAP trend + observation noise),,,,,,,,,,,,
workforce,workforce,rolling,3,prophet,gam,365,2025-05-08,2025-05-21,14,0.42162269994150847,,8.42573271766884,10.460048084410387,9.708663213774795,1.788033380513008,,10.809420889181467,9.937009360697017,1215.0,86.78571428571429,False,0.42857142857142855,14.907704490227234,17.177601881743314,2.9687937578582226,0.7964189736865734,1.8826063657723981,0,native (Prophet MAP trend + observation noise),,,,,,,,,,,,
workforce,workforce,rolling,4,prophet,gam,365,2025-05-22,2025-06-04,14,0.40020180004648864,,5.076839930935839,6.141082357995292,5.830661118384064,1.0469520134072754,,5.918378790787504,5.940418017183853,1219.0,87.07142857142857,False,0.7857142857142857,15.259002898771948,17.524695699984193,0.4613255870866581,0.7452905008997016,0.6033080439931798,0,native (Prophet MAP trend + observation noise),,,,,,,,,,,,
workforce,workforce,rolling,5,prophet,gam,365,2025-06-05,2025-06-18,14,0.38889440009370446,,3.9519905317327537,5.7511656986627475,4.472745953456633,0.8052433752762241,,4.399627262944654,4.398391417238301,1237.0,88.35714285714286,False,0.7857142857142857,15.522498829046823,17.567904899487107,0.47641885352385765,1.0060592787700886,0.7412390661469731,0,native (Prophet MAP trend + observation noise),,,,,,,,,,,,
workforce,workforce,rolling,6,prophet,gam,365,2025-06-19,2025-07-02,14,0.3905751999700442,,13.166909743052416,13.617857488388886,15.259663609497833,2.6363275660026653,,16.373239343569672,15.020510577613006,1208.0,86.28571428571429,False,0.07142857142857142,15.759814197973839,18.264685328777627,5.0703727208392975,1.0541406559947293,3.0622566884170133,0,native (Prophet MAP trend + observation noise),,,,,,,,,,,,
workforce,workforce,rolling,7,prophet,gam,365,2025-07-03,2025-07-16,14,0.38364560005720705,,7.135831166978272,8.515256919252364,8.188658716204575,1.4184495045964582,,8.3921738175692,7.96307173170894,1220.0,87.14285714285714,False,0.5714285714285714,16.160633397839344,18.544989145061543,1.6600766637731754,0.6745745759206206,1.167325619846898,0,native (Prophet MAP trend + observation noise),,,,,,,,,,,,
workforce,workforce,rolling,8,prophet,gam,365,2025-07-17,2025-07-30,14,0.43992719997186214,,6.15085426850941,7.436283114087056,6.79116401885897,1.2065785359596541,,7.0219831887613005,6.7062272581546605,1268.0,90.57142857142857,False,0.7142857142857143,16.49715099962989,18.214520031137106,1.0580966526726756,0.7131294760280896,0.8856130643503826,0,native (Prophet MAP trend + observation noise),,,,,,,,,,,,
workforce,workforce,rolling,9,prophet,gam,365,2025-07-31,2025-08-13,14,0.38001800002530217,,8.005687372281097,9.17740449893164,9.12700514755174,1.583445347666648,,8.983198462859479,8.52420524899852,1228.0,87.71428571428571,False,0.5714285714285714,16.498006083434174,18.80880172378489,1.71879326856596,0.7917544676861134,1.2552738681260367,0,native (Prophet MAP trend + observation noise),,,,,,,,,,,,
workforce,workforce,rolling,10,prophet,gam,365,2025-08-14,2025-08-27,14,0.43924520001746714,,7.148909692795061,9.240306390716949,8.090924470422866,1.400059994540827,,9.872516085030538,9.143806841079009,1237.0,88.35714285714286,False,0.7142857142857143,16.841615016954595,19.06084157133099,1.887966742638567,0.7696458153756157,1.3288062790070914,0,native (Prophet MAP trend + observation noise),,,,,,,,,,,,
workforce,workforce,rolling,11,prophet,gam,365,2025-08-28,2025-09-10,14,0.37937700003385544,,12.667568968234153,13.7017118295644,14.48904947347044,2.403280175213475,,18.0266388059853,16.000182803531704,1224.0,87.42857142857143,False,0.21428571428571427,17.038588633186357,19.488581769984396,4.531066411232694,1.056881613564737,2.7939740123987153,0,native (Prophet MAP trend + observation noise),,,,,,,,,,,,
workforce,workforce,rolling,12,prophet,gam,365,2025-09-11,2025-09-24,14,0.39158940000925213,,8.357440039211507,10.922072651557059,9.966282840627011,1.5697605110376283,,10.092081886382735,9.333121024935341,1174.0,83.85714285714286,False,0.5,16.973652414195378,20.241152793759394,2.797709975714757,0.8116010415758339,1.8046555086452956,0,native (Prophet MAP trend + observation noise),,,,,,,,,,,,
workforce,workforce,rolling,13,prophet,gam,365,2025-09-25,2025-10-08,14,0.5072880999650806,,12.58983737374736,14.681848655062035,15.907736753832404,2.2913888051863522,,14.682897310462787,13.456017842993095,1108.0,79.14285714285714,False,0.35714285714285715,17.15137982501419,21.671418551461976,5.52333979774499,1.0557522237258474,3.289546010735419,0,native (Prophet MAP trend + observation noise),,,,,,,,,,,,
workforce,workforce,rolling,14,prophet,gam,365,2025-10-09,2025-10-22,14,0.3485279999440536,,4.458063990623701,5.974199916905508,5.465227308995781,0.8068690134698104,,5.984294298346411,5.728787210714907,1142.0,81.57142857142857,False,0.9285714285714286,17.697389532012945,21.69557385710869,0.727399771886211,0.5899797961466839,0.6586897840164474,0,native (Prophet MAP trend + observation noise),,,,,,,,,,,,
workforce,workforce,rolling,15,prophet,gam,365,2025-10-23,2025-11-05,14,0.4125570000614971,,4.365417377079656,5.696590900870421,5.361038884132911,0.7802393514700534,,5.7292761592828,5.515004209218904,1140.0,81.42857142857143,False,0.8571428571428571,17.770019594648122,21.822831081146816,0.7243537343671502,0.5869344881922798,0.655644111279715,0,native (Prophet MAP trend + observation noise),,,,,,,,,,,,
workforce,workforce,rolling,16,prophet,gam,365,2025-11-06,2025-11-19,14,0.35882259998470545,,4.437866624240303,5.9172476630337245,5.459589871648878,0.7865129957812022,,5.053051909151541,4.932791676104724,1138.0,81.28571428571429,False,0.7857142857142857,17.31742704121974,21.30439179060425,0.7455339536826917,0.59761328375811,0.6715736187204009,0,native (Prophet MAP trend + observation noise),,,,,,,,,,,,
workforce,workforce,rolling,17,prophet,gam,365,2025-11-20,2025-12-03,14,0.4052631000522524,,4.836726285433193,5.854313553066534,5.6950519761198235,0.8276998136639976,,5.910762743737914,6.147599606079296,1189.0,84.92857142857143,False,0.7857142857142857,17.763357281223943,20.91564356073467,0.6063182275650906,0.48291433928921534,0.544616283427153,0,native (Prophet MAP trend + observation noise),,,,,,,,,,,,
workforce,workforce,rolling,18,prophet,gam,365,2025-12-04,2025-12-17,14,0.43091520003508776,,3.370578454765184,4.460670490439244,3.8395523487967917,0.5795711271882497,,4.174850650570101,4.318167197603531,1229.0,87.78571428571429,False,0.8571428571428571,17.933836978769413,20.429106403805676,0.619937259585827,0.3667365255500618,0.49333689256794444,0,native (Prophet MAP trend + observation noise),,,,,,,,,,,,
workforce,workforce,rolling,19,prophet,gam,365,2025-12-18,2025-12-31,14,0.41873939998913556,,7.518011525136919,8.820097003237958,8.373282526007706,1.2798136595335317,,8.330356142394207,8.780334308739537,1257.0,89.78571428571429,False,0.6428571428571429,18.052562082299737,20.106274395560565,0.7998927445951783,1.3583349192263956,1.079113831910787,0,native (Prophet MAP trend + observation noise),,,,,,,,,,,,
workforce,workforce,rolling,0,sktime_theta,gam,365,2025-03-27,2025-04-09,14,0.07611059991177171,,16.066286126015324,19.968935567129957,19.013356362148315,3.93415214303248,,17.253907953437167,19.61097009509148,1183.0,84.5,False,0.35714285714285715,15.915151230716045,18.83449849788881,1.1379344060218217,8.821860336697084,4.979897371359453,0,sktime predict_interval / predict_quantiles,,,,,,,-0.2875,,7.0,,,
workforce,workforce,rolling,1,sktime_theta,gam,365,2025-04-10,2025-04-23,14,0.07247110002208501,,5.448657883315882,6.95632396344085,6.04926331216672,1.2168555971472774,,7.027449702978679,7.187178495997001,1261.0,90.07142857142857,False,0.7857142857142857,27.03654500850239,30.016782721572838,0.6297498275508555,1.2893758989960946,0.9595628632734751,0,sktime predict_interval / predict_quantiles,,,,,,,-0.29999999999999993,,7.0,,,
workforce,workforce,rolling,2,sktime_theta,gam,365,2025-04-24,2025-05-07,14,0.08756769995670766,,5.345506764770562,7.256390749213981,6.001370866622924,1.159812982901734,,5.855467715573648,5.700930625353589,1247.0,89.07142857142857,False,0.8571428571428571,26.3460522544252,29.578567085962533,0.8008307628272782,0.7681326472231816,0.78448170502523,0,sktime predict_interval / predict_quantiles,,,,,,,-0.17499999999999993,,7.0,,,
workforce,workforce,rolling,3,sktime_theta,gam,365,2025-05-08,2025-05-21,14,0.07267549994867295,,5.699533309345794,6.986092155621383,6.567363484019845,1.2095038083851775,,7.1138474918676255,6.922851095234589,1215.0,86.78571428571429,False,0.9285714285714286,26.29937251320545,30.30380371891986,0.47603329018505713,0.8691544936891322,0.6725938919370946,0,sktime predict_interval / predict_quantiles,,,,,,,-0.16249999999999998,,7.0,,,
workforce,workforce,rolling,4,sktime_theta,gam,365,2025-05-22,2025-06-04,14,0.0854122000746429,,5.322537530973003,6.342990895585285,6.112840478558002,1.0976200668711606,,7.111406663752105,7.4377772492899386,1219.0,87.07142857142857,False,0.7857142857142857,25.200085711596067,28.94185397558203,0.6351447723044327,1.155283229095599,0.8952140007000158,0,sktime predict_interval / predict_quantiles,,,,,,,-0.1499999999999999,,7.0,,,
workforce,workforce,rolling,5,sktime_theta,gam,365,2025-06-05,2025-06-18,14,0.08198220003396273,,4.101500614864637,5.62234022410673,4.6419570418839875,0.835707012021366,,4.719385422492587,4.704642594629272,1237.0,88.35714285714286,False,1.0,25.766114585902525,29.161326127941418,0.5979640528306593,0.6903416764644676,0.6441528646475635,0,sktime predict_interval / predict_quantiles,,,,,,,-0.09999999999999998,,7.0,,,
workforce,workforce,rolling,6,sktime_theta,gam,365,2025-06-19,2025-07-02,14,0.07227030000649393,,5.211959163716953,6.158528321032055,6.040350024175276,1.043557819133484,,5.722514032085071,5.561843597121037,1208.0,86.28571428571429,False,1.0,26.827754395185345,31.09176833879096,0.38572200514898825,0.9556657146102799,0.6706938598796341,0,sktime predict_interval / predict_quantiles,,,,,,,-0.11249999999999993,,7.0,,,
workforce,workforce,rolling,7,sktime_theta,gam,365,2025-07-03,2025-07-16,14,0.0713672999991104,,6.300300497927439,7.209633105756804,7.229853030408536,1.2523640079167258,,7.986222377899618,7.943563962474595,1220.0,87.14285714285714,False,0.9285714285714286,26.006424005041676,29.843437382834715,0.48576093582071495,0.8742545470346688,0.6800077414276918,0,sktime predict_interval / predict_quantiles,,,,,,,-0.09999999999999998,,7.0,,,
workforce,workforce,rolling,8,sktime_theta,gam,365,2025-07-17,2025-07-30,14,0.08394159993622452,,3.113777212593381,3.5248830552148407,3.4379243672166666,0.6108121874566742,,4.007177380883071,4.070858081902306,1268.0,90.57142857142857,False,1.0,26.409017358952507,29.15822105878037,0.6329930843402256,0.6874577836074004,0.660225433973813,0,sktime predict_interval / predict_quantiles,,,,,,,-0.08749999999999991,,7.0,,,
workforce,workforce,rolling,9,sktime_theta,gam,365,2025-07-31,2025-08-13,14,0.07857270003296435,,5.878965999067192,7.10043079547896,6.702404233464225,1.1628010097602512,,6.68513461395844,6.558344075888269,1228.0,87.71428571428571,False,0.8571428571428571,26.62159224795547,30.350349468353144,0.4243440849503492,0.9960382818071711,0.7101911833787602,0,sktime predict_interval / predict_quantiles,,,,,,,-0.0625,,7.0,,,
workforce,workforce,rolling,10,sktime_theta,gam,365,2025-08-14,2025-08-27,14,0.07757060008589178,,4.372366668161834,6.112725133082696,4.948515226698922,0.8562950039397902,,5.1123475922785255,4.950043342041907,1237.0,88.35714285714286,False,0.9285714285714286,25.827760965661636,29.231095676577436,0.7313541373343739,0.7677975938344462,0.74957586558441,0,sktime predict_interval / predict_quantiles,,,,,,,-0.04999999999999993,,7.0,,,
workforce,workforce,rolling,11,sktime_theta,gam,365,2025-08-28,2025-09-10,14,0.07560380001086742,,4.283002732224571,5.113063770590638,4.89885933424379,0.8125675559811323,,5.730218932588844,5.514472482954206,1224.0,87.42857142857143,False,0.9285714285714286,26.360204250880347,30.1505604176736,0.4662177331830174,0.861643471634854,0.6639306024089358,0,sktime predict_interval / predict_quantiles,,,,,,,-0.0625,,7.0,,,
workforce,workforce,rolling,12,sktime_theta,gam,365,2025-09-11,2025-09-24,14,0.07642269995994866,,5.238806133091868,7.268006274123623,6.247298625492857,0.983994016603824,,6.152633540257945,5.91565618906751,1174.0,83.85714285714286,False,0.9285714285714286,25.06957825639616,29.89557884067685,0.8735642867670761,0.7954469606961077,0.8345056237315919,0,sktime predict_interval / predict_quantiles,,,,,,,-0.07499999999999996,,7.0,,,
workforce,workforce,rolling,13,sktime_theta,gam,365,2025-09-25,2025-10-08,14,0.07138460001442581,,6.3181558028686595,7.654827523972281,7.983229353805166,1.1499236285851449,,7.874428982823323,7.608266313335441,1108.0,79.14285714285714,False,1.0,24.560006061267888,31.03249863337098,0.320883232800544,0.907117070262851,0.6140001515316975,0,sktime predict_interval / predict_quantiles,,,,,,,-0.07499999999999996,,7.0,,,
workforce,workforce,rolling,14,sktime_theta,gam,365,2025-10-09,2025-10-22,14,0.07556140003725886,,4.056897938625068,4.7926398570758835,4.973430047351221,0.7342616087096937,,5.529169901577039,5.504781073013016,1142.0,81.57142857142857,False,1.0,23.940524388169216,29.34915424118818,0.5426899696260303,0.6543362497824309,0.5985131097042307,0,sktime predict_interval / predict_quantiles,,,,,,,-0.04999999999999993,,7.0,,,
workforce,workforce,rolling,15,sktime_theta,gam,365,2025-10-23,2025-11-05,14,0.07419209997169673,,3.60591928725634,4.709795835036019,4.428321931718313,0.6444928131990862,,4.472710599826677,4.419192373577963,1140.0,81.42857142857143,False,1.0,23.73924508808395,29.153458880103095,0.5260837133522249,0.6608785410519731,0.593481127202099,0,sktime predict_interval / predict_quantiles,,,,,,,-0.02499999999999991,,7.0,,,
workforce,workforce,rolling,16,sktime_theta,gam,365,2025-11-06,2025-11-19,14,0.07072329998482019,,4.079732984266695,5.38947861544803,5.019003671329854,0.723041786320533,,4.783306205603342,4.802318203568183,1138.0,81.28571428571429,False,1.0,23.297456665996105,28.661194492438085,0.5661785600105605,0.5986942732892454,0.582436416649903,0,sktime predict_interval / predict_quantiles,,,,,,,-0.03749999999999998,,7.0,,,
workforce,workforce,rolling,17,sktime_theta,gam,365,2025-11-20,2025-12-03,14,0.0716823999537155,,3.9548439276279557,4.833812298544307,4.6566707305964155,0.6767849551103289,,4.799216110337107,4.867527334962883,1189.0,84.92857142857143,False,1.0,24.200643192370837,28.4952905545157,0.603732448885949,0.6062997107325934,0.6050160798092712,0,sktime predict_interval / predict_quantiles,,,,,,,-0.012499999999999956,,7.0,,,
workforce,workforce,rolling,18,sktime_theta,gam,365,2025-12-04,2025-12-17,14,0.07493599993176758,,2.7492816960271353,3.449303496836338,3.131809905970699,0.47273911968189936,,3.4526407889306316,3.5265241522035513,1229.0,87.78571428571429,False,1.0,24.790049406035084,28.239275157403675,0.6263362232523116,0.6131662470494434,0.6197512351508776,0,sktime predict_interval / predict_quantiles,,,,,,,0.012499999999999956,,7.0,,,
workforce,workforce,rolling,19,sktime_theta,gam,365,2025-12-18,2025-12-31,14,0.07226570008788258,,4.179188558527155,5.311741578444729,4.654625283960236,0.7114358078710041,,4.7282412276398,4.824880203632332,1257.0,89.78571428571429,False,1.0,24.39442866846984,27.1696102910563,0.6834929278401497,0.536228505583343,0.6098607167117464,0,sktime predict_interval / predict_quantiles,,,,,,,0.050000000000000044,,7.0,,,
workforce,workforce,rolling,0,lgbm_quantile,ml,365,2025-03-27,2025-04-09,14,2.9354617999633774,,17.335878313101908,21.86088512114764,20.51583232319752,4.245037233988018,,18.147469825742586,20.8222449425318,1183.0,84.5,False,0.21428571428571427,7.432018126784113,8.795287724004867,1.2773755100495963,12.96136556303081,7.119370536540203,0,quantile objective (alpha=0.05/0.95),,,,,,,-0.2875,,,4627.0,,
workforce,workforce,rolling,1,lgbm_quantile,ml,365,2025-04-10,2025-04-23,14,2.8344685999909416,,6.702762183165426,7.340785996731863,7.441607499152733,1.4969362829527277,,8.487175433067305,8.868382269333098,1261.0,90.07142857142857,False,0.35714285714285715,5.977776331517297,6.63670647432531,1.718282341932771,1.79442207359268,1.7563522077627254,2,quantile objective (alpha=0.05/0.95),,,,,,,-0.29999999999999993,,,4627.0,,
workforce,workforce,rolling,2,lgbm_quantile,ml,365,2025-04-24,2025-05-07,14,2.652106499997899,,5.498537808457259,8.023364481403725,6.173177972606386,1.1930160820773932,,6.262818215427704,5.9754093596408335,1247.0,89.07142857142857,False,0.6428571428571429,15.991387267373474,17.953442000258914,2.105964380011579,0.6804145943717254,1.3931894871916521,0,quantile objective (alpha=0.05/0.95),,,,,,,-0.17499999999999993,,,4627.0,,
workforce,workforce,rolling,3,lgbm_quantile,ml,365,2025-05-08,2025-05-21,14,2.6495332000777125,,8.943771896561492,10.831737229187453,10.305580786161391,1.8979670059093148,,10.432971344427532,9.674712657050597,1215.0,86.78571428571429,False,0.21428571428571427,5.225506376254594,6.0211596104991205,7.996080011487441,0.6559250962352071,4.326002553861324,1,quantile objective (alpha=0.05/0.95),,,,,,,-0.16249999999999998,,,4627.0,,
workforce,workforce,rolling,4,lgbm_quantile,ml,365,2025-05-22,2025-06-04,14,2.711118199978955,,5.373080179945556,6.821866263046859,6.170887819461672,1.1080430325002932,,6.418461353905531,6.649782979516419,1219.0,87.07142857142857,False,0.7857142857142857,11.193746981688134,12.85582097978949,0.258216941248966,1.219643366058252,0.738930153653609,0,quantile objective (alpha=0.05/0.95),,,,,,,-0.1499999999999999,,,4627.0,,
workforce,workforce,rolling,5,lgbm_quantile,ml,365,2025-06-05,2025-06-18,14,2.629304000060074,,5.632889176780578,7.6574723835386935,6.375137305976401,1.1477372369308179,,6.328850931655442,6.322838230116655,1237.0,88.35714285714286,False,0.5,8.003554482799727,9.05818615676606,1.1664608764170457,1.5573916650536932,1.3619262707353694,0,quantile objective (alpha=0.05/0.95),,,,,,,-0.09999999999999998,,,4627.0,,
workforce,workforce,rolling,6,lgbm_quantile,ml,365,2025-06-19,2025-07-02,14,2.6579506000271067,,8.303978568467453,10.017394244077261,9.623816221733803,1.6626534270197697,,9.652924315149725,9.086895330797992,1208.0,86.28571428571429,False,0.2857142857142857,18.083495536749524,20.957693502855406,2.228758727973209,0.9402847130977194,1.5845217205354643,0,quantile objective (alpha=0.05/0.95),,,,,,,-0.11249999999999993,,,4627.0,,
workforce,workforce,rolling,7,lgbm_quantile,ml,365,2025-07-03,2025-07-16,14,3.0022855999413878,,6.141035146712826,7.101339597870131,7.047089512621277,1.220705487242194,,7.390690814099536,7.416446442846112,1220.0,87.14285714285714,False,0.21428571428571427,8.081752424008744,9.274142125911675,1.3753224008684388,0.9369212909444532,1.156121845906446,0,quantile objective (alpha=0.05/0.95),,,,,,,-0.09999999999999998,,,4627.0,,
workforce,workforce,rolling,8,lgbm_quantile,ml,365,2025-07-17,2025-07-30,14,3.0275410999311134,,4.934302068998273,5.527796329756701,5.447967584067494,0.96793432367199,,5.64318692583403,5.832976300037334,1268.0,90.57142857142857,False,0.7142857142857143,9.343242156023374,10.315882506650413,0.4318854437760344,0.8212725881703439,0.6265790159731891,0,quantile objective (alpha=0.05/0.95),,,,,,,-0.08749999999999991,,,4627.0,,
workforce,workforce,rolling,9,lgbm_quantile,ml,365,2025-07-31,2025-08-13,14,3.015284899971448,,4.407828529732958,5.407117985422842,5.02521167884865,0.87182464842232,,5.317450171774462,5.213956350540118,1228.0,87.71428571428571,False,0.42857142857142855,6.411024612978617,7.308985715122201,2.1010830495551214,0.5275889175978828,1.314335983576502,0,quantile objective (alpha=0.05/0.95),,,,,,,-0.0625,,,4627.0,,
workforce,workforce,rolling,10,lgbm_quantile,ml,365,2025-08-14,2025-08-27,14,3.0200561999808997,,4.795053787552258,6.366930789872401,5.426900002080163,0.9390750853083745,,5.317656546140851,5.188607361091494,1237.0,88.35714285714286,False,0.35714285714285715,6.873949964417262,7.779733185274185,1.470679441117804,1.3135111475157333,1.3920952943167686,2,quantile objective (alpha=0.05/0.95),,,,,,,-0.04999999999999993,,,4627.0,,
workforce,workforce,rolling,11,lgbm_quantile,ml,365,2025-08-28,2025-09-10,14,3.1028044999111444,,5.315121998148319,5.781333986231814,6.079387906378797,1.008380326092792,,7.534294030460496,7.257094860809541,1224.0,87.42857142857143,False,0.5714285714285714,11.402748659349966,13.042359577687868,1.2683027404588965,0.49244119451218105,0.8803719674855388,0,quantile objective (alpha=0.05/0.95),,,,,,,-0.0625,,,4627.0,,
workforce,workforce,rolling,12,lgbm_quantile,ml,365,2025-09-11,2025-09-24,14,3.0848549000220373,,5.696476068402306,8.613696042614071,6.79307197254108,1.069957204873046,,6.725086356561212,6.365129890336705,1174.0,83.85714285714286,False,0.7142857142857143,12.952194002755956,15.445546510952587,1.5712720538194627,0.6887001217916244,1.1299860878055434,0,quantile objective (alpha=0.05/0.95),,,,,,,-0.07499999999999996,,,4627.0,,
workforce,workforce,rolling,13,lgbm_quantile,ml,365,2025-09-25,2025-10-08,14,3.0629652000498027,,6.04668904993004,7.10008153720222,7.640220821211242,1.100515851487013,,7.471949008333565,7.278561601023139,1108.0,79.14285714285714,False,0.5,10.216637377428716,12.909108599639174,2.1542558754467764,0.44067574648453256,1.2974658109656545,0,quantile objective (alpha=0.05/0.95),,,,,,,-0.07499999999999996,,,4627.0,,
workforce,workforce,rolling,14,lgbm_quantile,ml,365,2025-10-09,2025-10-22,14,3.013754599960521,,4.073607856602317,4.977133077331787,4.993915060633313,0.7372859518016327,,5.438293354424001,5.3621727994082375,1142.0,81.57142857142857,False,0.6428571428571429,11.89367467975023,14.580686997942488,0.5019973584990597,0.484476076787149,0.49323671764310434,0,quantile objective (alpha=0.05/0.95),,,,,,,-0.04999999999999993,,,4627.0,,
workforce,workforce,rolling,15,lgbm_quantile,ml,365,2025-10-23,2025-11-05,14,2.9726941001135856,,3.695224954651654,5.051704047124707,4.537995558344137,0.6604545850051383,,4.3873437400879745,4.431457986306919,1140.0,81.42857142857143,False,0.6428571428571429,10.093666513362942,12.395730805884314,0.5683846773967629,0.8935712561611429,0.7309779667789529,0,quantile objective (alpha=0.05/0.95),,,,,,,-0.02499999999999991,,,4627.0,,
workforce,workforce,rolling,16,lgbm_quantile,ml,365,2025-11-06,2025-11-19,14,2.9781761000631377,,4.647587032024222,6.328194511177087,5.717593888254755,0.8236812660716195,,5.57851962727738,5.598211693158628,1138.0,81.28571428571429,False,0.5714285714285714,9.687776943206927,11.918179016247537,0.8168181599509393,1.0814208072283522,0.9491194835896457,0,quantile objective (alpha=0.05/0.95),,,,,,,-0.03749999999999998,,,4627.0,,
workforce,workforce,rolling,17,lgbm_quantile,ml,365,2025-11-20,2025-12-03,14,3.0039076999528334,,4.755443374057557,5.628398435302797,5.599344595189723,0.813790022902775,,5.538788706691874,5.658793337073282,1189.0,84.92857142857143,False,0.6428571428571429,12.238121558015747,14.40989922726833,0.4616605564662844,0.6240261831804419,0.5428433698233631,0,quantile objective (alpha=0.05/0.95),,,,,,,-0.012499999999999956,,,4627.0,,
workforce,workforce,rolling,18,lgbm_quantile,ml,365,2025-12-04,2025-12-17,14,3.046924699912779,,3.03649631322549,3.7450491573430806,3.458986849890713,0.522125686904287,,3.2589081234393733,3.3096380369938236,1229.0,87.78571428571429,False,0.7857142857142857,10.395887960080922,11.842345926861912,0.4318376153524106,0.7875619238001657,0.6096997695762881,0,quantile objective (alpha=0.05/0.95),,,,,,,0.012499999999999956,,,4627.0,,
workforce,workforce,rolling,19,lgbm_quantile,ml,365,2025-12-18,2025-12-31,14,2.710955200018361,,4.7426139641052885,5.71917877133306,5.282147613164204,0.8073494052067015,,5.0464938521273615,5.122814115184104,1257.0,89.78571428571429,False,0.5714285714285714,8.11682994175545,9.040224278804796,0.7348058572703363,0.9042355086851254,0.8195206829777308,0,quantile objective (alpha=0.05/0.95),,,,,,,0.050000000000000044,,,4627.0,,
workforce,workforce,rolling,0,lgbm_conformal,ml,365,2025-03-27,2025-04-09,14,1.7010494999121875,,17.71556775008358,22.185006285483087,20.965168935010155,4.338011802004051,,18.599811296932707,21.33699428910478,1183.0,84.5,False,0.35714285714285715,22.1508925148856,26.21407398211314,1.3660802214198817,7.732739186246365,4.549409703833123,0,"split conformal (per-horizon, refit each fold)",,,,,,,-0.2875,,,4627.0,0.04449884924400971,0.04923273656230487
workforce,workforce,rolling,1,lgbm_conformal,ml,365,2025-04-10,2025-04-23,14,1.9415190999861807,,8.404374967425998,10.17213997237962,9.330789020139887,1.876959599712107,,10.25619362587132,10.955596583845885,1261.0,90.07142857142857,False,0.9285714285714286,45.84209306801976,50.89526589629474,1.2526002704805623,1.0719821547686958,1.1622912126246292,0,"split conformal (per-horizon, refit each fold)",,,,,,,-0.29999999999999993,,,4627.0,0.06240708401771711,0.0682879296063672
workforce,workforce,rolling,2,lgbm_conformal,ml,365,2025-04-24,2025-05-07,14,1.8901848999084905,,10.951877576801705,13.758588007754323,12.29561235567152,2.376225559087885,,13.156132030418814,12.009805815520856,1247.0,89.07142857142857,False,1.0,63.66506585678888,71.47641716078944,0.8820840310973014,2.3011692617421446,1.591626646419723,0,"split conformal (per-horizon, refit each fold)",,,,,,,-0.17499999999999993,,,4627.0,0.11827245443892309,0.15194258100135682
workforce,workforce,rolling,3,lgbm_conformal,ml,365,2025-05-08,2025-05-21,14,1.7949749999679625,,7.069431529107596,9.112763889425164,8.14584702942439,1.500211314416431,,8.145128394455579,7.780929080789052,1215.0,86.78571428571429,False,1.0,53.00690928130619,61.07792015952976,0.8859723689778066,1.7643730950875047,1.3251727320326556,0,"split conformal (per-horizon, refit each fold)",,,,,,,-0.16249999999999998,,,4627.0,0.10420495693934351,0.15362618174453013
workforce,workforce,rolling,4,lgbm_conformal,ml,365,2025-05-22,2025-06-04,14,1.8687991000479087,,5.06401122045658,7.510435470276171,5.815927570663833,1.0443064613614375,,6.159581230828528,6.535723919674681,1219.0,87.07142857142857,False,1.0,55.91170341195657,64.21360523112321,1.3430567180490784,1.4525284525487514,1.397792585298915,0,"split conformal (per-horizon, refit each fold)",,,,,,,-0.1499999999999999,,,4627.0,0.1508925299282411,0.17300878735402447
workforce,workforce,rolling,5,lgbm_conformal,ml,365,2025-06-05,2025-06-18,14,1.6599695000331849,,5.3846620190643275,7.340620493189184,6.094201153346853,1.0971593641576718,,6.067600392777368,6.053886155466281,1237.0,88.35714285714286,False,1.0,56.5258866231267,63.97432600838915,1.176280813350189,1.6500135178061472,1.413147165578168,0,"split conformal (per-horizon, refit each fold)",,,,,,,-0.09999999999999998,,,4627.0,0.17682247638045467,0.18477729946332255
workforce,workforce,rolling,6,lgbm_conformal,ml,365,2025-06-19,2025-07-02,14,1.678473599953577,,9.762432070651966,11.556311726746994,11.31407690307347,1.954670403407944,,11.164009890054867,10.45116542975938,1208.0,86.28571428571429,False,1.0,43.020387113299094,49.858064535280405,0.4789546521006944,1.672064703564262,1.0755096778324782,0,"split conformal (per-horizon, refit each fold)",,,,,,,-0.11249999999999993,,,4627.0,0.13336275318655844,0.1373489676528794
workforce,workforce,rolling,7,lgbm_conformal,ml,365,2025-07-03,2025-07-16,14,1.6297224999871105,,5.728065867468935,6.762128606386244,6.57319033971845,1.1386160913680614,,6.89053007300928,6.847767687769117,1220.0,87.14285714285714,False,1.0,43.57507394844019,50.004183219521536,0.851006339316278,1.3277473581057326,1.0893768487110054,0,"split conformal (per-horizon, refit each fold)",,,,,,,-0.09999999999999998,,,4627.0,0.13231867397837238,0.16663092361373044
workforce,workforce,rolling,8,lgbm_conformal,ml,365,2025-07-17,2025-07-30,14,1.6411851999582723,,5.583013157310482,6.635249874223515,6.164210110595169,1.0951883344203577,,6.489617462777479,6.777597540478167,1268.0,90.57142857142857,False,0.9285714285714286,22.448544442200696,24.78545916331307,0.7898454126698031,0.4103014557830794,0.6000734342264413,0,"split conformal (per-horizon, refit each fold)",,,,,,,-0.08749999999999991,,,4627.0,0.08725755455182815,0.09737864296035914
workforce,workforce,rolling,9,lgbm_conformal,ml,365,2025-07-31,2025-08-13,14,1.6377142999554053,,4.31539664753125,5.527312185849787,4.919833311517712,0.8535425413349103,,5.171743352436551,5.073880372039623,1228.0,87.71428571428571,False,1.0,23.899133266894,27.246568871051796,0.4491760225407747,0.7457806408039259,0.5974783316723503,0,"split conformal (per-horizon, refit each fold)",,,,,,,-0.0625,,,4627.0,0.103287300213315,0.0978694979372321
workforce,workforce,rolling,10,lgbm_conformal,ml,365,2025-08-14,2025-08-27,14,1.677522800047882,,5.259717668112935,7.263065618438681,5.952792833757567,1.0300759984597543,,5.860072787115697,5.653119731947651,1237.0,88.35714285714286,False,0.8571428571428571,19.550680813845485,22.126882085192946,1.0386566407369673,0.5807141157390102,0.8096853782379887,0,"split conformal (per-horizon, refit each fold)",,,,,,,-0.04999999999999993,,,4627.0,0.07881596281492831,0.08887105647925075
workforce,workforce,rolling,11,lgbm_conformal,ml,365,2025-08-28,2025-09-10,14,1.6567001000512391,,5.010838351236335,5.491255600973928,5.731351055335677,0.9506518970549062,,7.322917143729839,7.061358696989409,1224.0,87.42857142857143,False,0.7857142857142857,19.241708215287968,22.008489788728067,0.909850628391283,0.5026574500616569,0.7062540392264699,0,"split conformal (per-horizon, refit each fold)",,,,,,,-0.0625,,,4627.0,0.08560254003019807,0.08172854999722512
workforce,workforce,rolling,12,lgbm_conformal,ml,365,2025-09-11,2025-09-24,14,2.0183983999304473,,4.70373107198325,7.018413585875979,5.609219336266227,0.8834919851888791,,5.634685867738525,5.397666326224279,1174.0,83.85714285714286,False,0.8571428571428571,21.980689361152535,26.212065677694675,0.9404206755543382,0.6797832349961848,0.8101019552752615,0,"split conformal (per-horizon, refit each fold)",,,,,,,-0.07499999999999996,,,4627.0,0.08830299871625646,0.09419707672526778
workforce,workforce,rolling,13,lgbm_conformal,ml,365,2025-09-25,2025-10-08,14,1.7646944998996332,,4.379784571583164,5.243991806120452,5.534023826910135,0.7971341518183898,,5.403872220696016,5.413018318734845,1108.0,79.14285714285714,False,1.0,21.406669667510535,27.048138569056633,0.49091120302189706,0.5794222803536304,0.5351667416877637,0,"split conformal (per-horizon, refit each fold)",,,,,,,-0.07499999999999996,,,4627.0,0.08666816036750324,0.10273090651013161
workforce,workforce,rolling,14,lgbm_conformal,ml,365,2025-10-09,2025-10-22,14,1.769346100045368,,6.323800855053705,7.5316472857243575,7.752470400240968,1.144550407537526,,7.9474679503462005,8.049395393405758,1142.0,81.57142857142857,False,0.9285714285714286,23.838154185289564,29.2236566194443,0.7303671600333975,0.5198155781832228,0.6250913691083102,0,"split conformal (per-horizon, refit each fold)",,,,,,,-0.04999999999999993,,,4627.0,0.10624597601214258,0.12775697553534604
workforce,workforce,rolling,15,lgbm_conformal,ml,365,2025-10-23,2025-11-05,14,1.660588499973528,,3.5472072894007627,4.723384296210718,4.356219478211463,0.6339991061435213,,4.256509303736334,4.305717289276611,1140.0,81.42857142857143,False,1.0,23.132287893384,28.408072851524206,0.5784182450431649,0.5781961496260359,0.5783071973346003,0,"split conformal (per-horizon, refit each fold)",,,,,,,-0.02499999999999991,,,4627.0,0.11081665779056138,0.13529969289658306
workforce,workforce,rolling,16,lgbm_conformal,ml,365,2025-11-06,2025-11-19,14,1.642513299942948,,5.1060516869383905,6.761281326888252,6.281610159678159,0.9049339128336354,,6.464806608988711,6.531476655607247,1138.0,81.28571428571429,False,0.9285714285714286,23.881270695348597,29.37941913311778,0.6217876167389093,0.5809208114550775,0.6013542140969934,0,"split conformal (per-horizon, refit each fold)",,,,,,,-0.03749999999999998,,,4627.0,0.11570969474312598,0.12882917504844826
workforce,workforce,rolling,17,lgbm_conformal,ml,365,2025-11-20,2025-12-03,14,1.6726217999821529,,4.726088863304186,5.379609718597359,5.564780831476755,0.8087666410434505,,5.722805544783999,5.885001666237942,1189.0,84.92857142857143,False,1.0,29.40409762409093,34.62215027226855,0.7999515001745223,0.670253381030025,0.7351024406022737,0,"split conformal (per-horizon, refit each fold)",,,,,,,-0.012499999999999956,,,4627.0,0.16597125311698235,0.16944811341239063
workforce,workforce,rolling,18,lgbm_conformal,ml,365,2025-12-04,2025-12-17,14,1.7194919999456033,,3.197726173807305,4.037982471072052,3.642649831839078,0.5498491691753195,,3.639206084030783,3.7026436259984976,1229.0,87.78571428571429,False,1.0,22.70226361970502,25.86100005499351,0.6173049312094739,0.5178082497757773,0.5675565904926256,0,"split conformal (per-horizon, refit each fold)",,,,,,,0.012499999999999956,,,4627.0,0.1439117816473896,0.1281736303524097
workforce,workforce,rolling,19,lgbm_conformal,ml,365,2025-12-18,2025-12-31,14,1.6371610999340191,,4.8531542986456,5.834964476289423,5.405263339780302,0.8261670180290656,,5.2006441862702975,5.316730876799231,1257.0,89.78571428571429,False,1.0,21.04909809397,23.443705116593474,0.6497778567625646,0.40267704793593556,0.5262274523492501,0,"split conformal (per-horizon, refit each fold)",,,,,,,0.050000000000000044,,,4627.0,0.14858978069105166,0.1478118188207347
economic,economic,expanding,0,seasonal_naive,baseline,72,2023-01-01,2023-06-01,6,0.00018400000408291817,,3.8516666666666644,4.259473754663437,2.921987609052976,0.48311905508518843,,2.9044634419085233,2.939618781768111,790.8999999999999,131.81666666666663,False,1.0,41.74000000000001,31.66519155392592,1.149416666666667,0.9375833333333344,1.0435000000000008,0,conformal(in-sample seasonal-naive residuals),,,,,,,,,,,,
economic,economic,expanding,1,seasonal_naive,baseline,78,2023-07-01,2023-12-01,6,0.00016990001313388348,,9.304999999999998,9.473667892286137,6.587377437966796,1.2246839229450006,,6.572617553706851,6.803710177460368,847.53,141.255,False,1.0,40.650000000000006,28.777742380800685,1.4815000000000003,0.5510000000000008,1.0162500000000005,0,conformal(in-sample seasonal-naive residuals),,,,,,,,,,,,
economic,economic,expanding,2,seasonal_naive,baseline,84,2024-01-01,2024-06-01,6,0.00016579998191446066,,16.72333333333333,16.76823783228279,11.258471343296977,2.1605986111360327,,11.247233290193519,11.919446098157199,891.2399999999999,148.54,False,1.0,39.59999999999997,26.65948566042815,1.8261666666666665,0.15383333333333285,0.9899999999999997,0,conformal(in-sample seasonal-naive residuals),,,,,,,,,,,,
economic,economic,expanding,3,seasonal_naive,baseline,90,2024-07-01,2024-12-01,6,0.00016559998039156199,,15.38666666666667,15.600285253802253,9.822844070862374,1.8249775709745604,,9.817082782301796,10.338894239633468,939.85,156.64166666666668,False,1.0,38.639999999999986,24.667766132893536,1.7353333333333332,0.19666666666666632,0.9659999999999997,0,conformal(in-sample seasonal-naive residuals),,,,,,,,,,,,
economic,economic,expanding,4,seasonal_naive,baseline,96,2025-01-01,2025-06-01,6,0.00016789999790489674,,9.991666666666669,10.310506777069692,6.302631440616493,1.1191412760850725,,6.314338560643574,6.534956196423379,951.1899999999998,158.53166666666664,False,1.0,37.88400000000001,23.8968029520916,1.4466833333333335,0.44751666666666723,0.9471000000000004,0,conformal(in-sample seasonal-naive residuals),,,,,,,,,,,,
economic,economic,expanding,5,seasonal_naive,baseline,102,2025-07-01,2025-12-01,6,0.0002669000532478094,,2.6700000000000017,3.071525136909459,1.6877192612804344,0.296703296703297,,1.680824755581523,1.6932565161103763,949.2099999999999,158.20166666666665,False,1.0,37.331999999999994,23.597728637498548,1.0112999999999996,0.8553000000000007,0.9333000000000002,0,conformal(in-sample seasonal-naive residuals),,,,,,,,,,,,
economic,economic,expanding,0,sarima,classical,72,2023-01-01,2023-06-01,6,0.8127420999808237,,3.005244804613099,3.289880762903993,2.2798670916270827,0.3769513709141548,,2.296042274635771,2.274434612430264,790.8999999999999,131.81666666666663,False,1.0,19.850370076153563,15.059074529892705,0.42002879816561256,0.5724897056420661,0.49625925190383935,0,analytic (state-space),"(1, 1, 2)","(0, 0, 1, 12)",318.3188888851484,328.44564733882413,0.976146447780309,True,,,,,,
economic,economic,expanding,1,sarima,classical,78,2023-07-01,2023-12-01,6,0.8060742999659851,,5.370397884505891,5.795255780767253,3.80191701851679,0.7068285812973893,,3.7789276305329653,3.86340676026016,847.53,141.255,False,1.0,19.41361161459496,13.743663314286191,0.7538601845901686,0.21682039613957962,0.4853402903648741,0,analytic (state-space),"(1, 1, 2)","(0, 0, 1, 12)",348.48795430793194,359.1236262331574,0.9695918160464476,True,,,,,,
economic,economic,expanding,2,sarima,classical,84,2024-01-01,2024-06-01,6,0.9150310000404716,,5.5230707830159576,6.742874957731195,3.7182380389228213,0.7135622321899711,,3.652487716285987,3.7531782714198414,891.2399999999999,148.54,False,1.0,19.169982268332245,12.905602711951156,0.755403095859104,0.20309601755750836,0.4792495567083062,0,analytic (state-space),"(1, 1, 2)","(0, 0, 1, 12)",376.94352976155596,388.0410682874365,0.9032285784069883,True,,,,,,
economic,economic,expanding,3,sarima,classical,90,2024-07-01,2024-12-01,6,1.0854045000160113,,1.6099237938860635,1.954484290248888,1.0277749389068873,0.19094940304291613,,1.022929744721179,1.0306758284438624,939.85,156.64166666666668,False,1.0,19.412278635131344,12.392793723550358,0.5658031555725869,0.4048107761839808,0.4853069658782838,0,analytic (state-space),"(1, 1, 2)","(0, 0, 1, 12)",406.14551860501984,417.6658440710407,0.9673724771724754,True,,,,,,
economic,economic,expanding,4,sarima,classical,96,2025-01-01,2025-06-01,6,1.3687299999874085,,2.0135343049772843,2.2666442704850507,1.270114890806643,0.22553087754929246,,1.2638489611346524,1.2724332324765766,951.1899999999998,158.53166666666664,False,1.0,18.945043806814283,11.95032147529786,0.5453798677797259,0.4018723225609886,0.47362609517035725,0,analytic (state-space),"(1, 1, 2)","(0, 0, 1, 12)",433.38329359209877,445.29342676546815,0.9891394567908525,True,,,,,,
economic,economic,expanding,5,sarima,classical,102,2025-07-01,2025-12-01,6,1.2769427999155596,,2.9509833368224747,3.673146931131224,1.8653301188287996,0.3279275223040163,,1.8868674321333563,1.8598176473242671,949.2099999999999,158.20166666666665,False,1.0,18.400347561029946,11.630944192136585,0.32466760180605314,0.5953497762454448,0.460008689025749,0,analytic (state-space),"(1, 1, 2)","(0, 0, 1, 12)",460.9002989470958,473.1720354283633,0.9945430622604726,True,,,,,,
economic,economic,expanding,0,ets,classical,72,2023-01-01,2023-06-01,6,0.46589550003409386,,3.0178379804784705,3.308715652838596,2.2894206451979806,0.37853094769250184,,2.3062132762494665,2.283873995515802,790.8999999999999,131.81666666666663,False,1.0,18.79705197511998,14.25999644085471,0.3915839356395625,0.548268663116437,0.46992629937799973,0,analytic (state-space),,,392.2717644568725,399.1017628139207,0.9675194705651868,True,,SES,,,,
economic,economic,expanding,1,ets,classical,78,2023-07-01,2023-12-01,6,0.5096065999241546,,5.265083702902079,5.6997746796312105,3.727360945029967,0.6929675834394314,,3.704297597294299,3.7859636626386632,847.53,141.255,False,1.0,18.59431173797797,13.163648534903524,0.7281119785945535,0.20160360830434543,0.46485779344944944,0,analytic (state-space),,,422.14638477502393,429.2165112550927,0.9498528251569269,True,,SES,,,,
economic,economic,expanding,2,ets,classical,84,2024-01-01,2024-06-01,6,0.5586348000215366,,5.516259888580042,6.774761237491973,3.7136528131008775,0.712682287458528,,3.6467529618374157,3.748382795396669,891.2399999999999,148.54,False,1.0,18.31297140374183,12.328646427724404,0.733637279522548,0.18201129066454383,0.4578242850935459,0,analytic (state-space),,,450.07164071811565,457.3640911146456,0.8513117010874182,True,,SES,,,,
economic,economic,expanding,3,ets,classical,90,2024-07-01,2024-12-01,6,0.6577204999048263,,1.5285262867784724,1.6222228027299455,0.9758107911550603,0.18129502968039904,,0.975389328702921,0.9754291508834356,939.85,156.64166666666668,False,1.0,17.367257102957968,11.087252499627366,0.43467682796118506,0.43368602718671373,0.4341814275739494,0,analytic (state-space),,,478.87012615783317,491.3691745094845,0.6620015209653962,True,,Holt,,,,
economic,economic,expanding,4,ets,classical,96,2025-01-01,2025-06-01,6,0.5411848000949249,,1.0870442458957494,1.463089086341144,0.6856953369331571,0.1217570726785025,,0.6930574851988559,0.6893696366031775,951.1899999999998,158.53166666666664,False,1.0,17.019425636223616,10.735663097524334,0.3962080235480066,0.45476325826317465,0.4254856409055906,0,analytic (state-space),,,505.4721639429673,518.2939049003065,0.6791600650657155,True,,Holt,,,,
economic,economic,expanding,5,ets,classical,102,2025-07-01,2025-12-01,6,0.8217937999870628,,4.656489491365235,5.788887920161747,2.9433883912086274,0.5174516041769,,2.977734482396746,2.910411187049336,949.2099999999999,158.20166666666665,False,1.0,16.614548338558638,10.502132302794095,0.18253923389570423,0.6481881830322284,0.4153637084639663,0,analytic (state-space),,,532.2837361107437,545.408600177165,0.6557608899148557,True,,Holt,,,,
economic,economic,expanding,0,prophet,gam,72,2023-01-01,2023-06-01,6,1.8675808000843972,,2.505446870782156,3.3084767985111614,1.9007056801988795,0.314261131487257,,1.8880844818198743,1.8856153702007175,790.8999999999999,131.81666666666663,False,0.6666666666666666,9.741956875858165,7.390534992432546,0.3485316680911931,0.3381307082319142,0.34333118816155367,0,native (Prophet MAP trend + observation noise),,,,,,,,,,,,
economic,economic,expanding,1,prophet,gam,78,2023-07-01,2023-12-01,6,2.1799087000545114,,5.791175758484424,6.1193355540086785,4.099802313889366,0.7622095482390859,,4.10838591231605,4.205123796578663,847.53,141.255,False,0.16666666666666666,9.978195367403751,7.063959058018302,0.5360145309941052,1.2711993135745596,0.9036069222843324,0,native (Prophet MAP trend + observation noise),,,,,,,,,,,,
economic,economic,expanding,2,prophet,gam,84,2024-01-01,2024-06-01,6,2.341575799975544,,10.722989482558058,10.812978035872977,7.218923847150976,1.385374298379982,,7.202875964488243,7.4753342577223085,891.2399999999999,148.54,False,0.0,11.507158120642737,7.746841336099863,0.8244942695059637,4.73359090600271,2.7790425877543368,0,native (Prophet MAP trend + observation noise),,,,,,,,,,,,
economic,economic,expanding,3,prophet,gam,90,2024-07-01,2024-12-01,6,1.7565852000843734,,5.310354007884508,5.9533898473391345,3.390128642582013,0.6298490224214096,,3.384710772429717,3.4583611078982925,939.85,156.64166666666668,False,0.6666666666666666,14.927194367943903,9.529517072688558,0.6393246001887759,0.33055351294294094,0.48493905656585845,0,native (Prophet MAP trend + observation noise),,,,,,,,,,,,
economic,economic,expanding,4,prophet,gam,96,2025-01-01,2025-06-01,6,1.9393296000780538,,1.9067819620303699,2.351337695141988,1.2027767083529286,0.2135738180019349,,1.2103550515324473,1.2007587297916915,951.1899999999998,158.53166666666664,False,1.0,13.96526862270087,8.809135055688689,0.2894831587012294,0.40878027243381454,0.349131715567522,0,native (Prophet MAP trend + observation noise),,,,,,,,,,,,
economic,economic,expanding,5,prophet,gam,102,2025-07-01,2025-12-01,6,0.29756989993620664,,7.556431587279458,8.87589203225537,4.7764551072657,0.8397071772504647,,4.822787864743664,4.66673598347588,949.2099999999999,158.20166666666665,False,0.3333333333333333,13.653294146793712,8.630309929389943,2.4294915433638096,0.7259252493282548,1.577708396346032,0,native (Prophet MAP trend + observation noise),,,,,,,,,,,,
economic,economic,expanding,0,sktime_theta,gam,72,2023-01-01,2023-06-01,6,0.06344749999698251,,2.699402633527882,3.693763886239928,2.047846225966278,0.3385892296679689,,2.009190334460323,2.0465193410315417,790.8999999999999,131.81666666666663,False,1.0,20.13768192988451,15.277037751840576,0.6147456865223105,0.3921384099719154,0.5034420482471129,0,sktime predict_interval / predict_quantiles,,,,,,,,,12.0,,,
economic,economic,expanding,1,sktime_theta,gam,78,2023-07-01,2023-12-01,6,0.06166030000895262,,1.4312139694283512,1.7231893013990374,1.0132129619683206,0.18837020297186455,,1.0091606369922723,1.0162154663182843,847.53,141.255,False,1.0,20.07548639307119,14.212230641797593,0.5598705150678754,0.4439038045856846,0.50188715982678,0,sktime predict_interval / predict_quantiles,,,,,,,,,12.0,,,
economic,economic,expanding,2,sktime_theta,gam,84,2024-01-01,2024-06-01,6,0.0628120000474155,,9.5280975746655,10.230004179888507,6.414499511690791,1.2309982690805792,,6.354456374302263,6.592724018185341,891.2399999999999,148.54,False,0.5,19.37232397398891,13.04182306044763,0.960712978082998,0.8323854943581227,0.8965492362205604,0,sktime predict_interval / predict_quantiles,,,,,,,,,12.0,,,
economic,economic,expanding,3,sktime_theta,gam,90,2024-07-01,2024-12-01,6,0.06841669999994338,,2.5937166729604875,3.3137190884848002,1.6558280616867502,0.30763484100621624,,1.6611339540149397,1.640095772664361,939.85,156.64166666666668,False,1.0,19.88705897069252,12.695893368532756,0.39606098742034024,0.5982919611142864,0.4971764742673133,0,sktime predict_interval / predict_quantiles,,,,,,,,,12.0,,,
economic,economic,expanding,4,sktime_theta,gam,96,2025-01-01,2025-06-01,6,0.06273819995112717,,5.029123450859889,5.345169717918587,3.172314753641159,0.5632993797882935,,3.160719239846895,3.2179890958171287,951.1899999999998,158.53166666666664,False,1.0,19.605470401714054,12.366911175504827,0.7415929325858461,0.23868058749985668,0.4901367600428514,0,sktime predict_interval / predict_quantiles,,,,,,,,,12.0,,,
economic,economic,expanding,5,sktime_theta,gam,102,2025-07-01,2025-12-01,6,0.0627994000678882,,6.157817935215543,7.524708188618397,3.8923849950267333,0.6842864726131609,,3.9354694427080292,3.8226278837595205,949.2099999999999,158.20166666666665,False,0.8333333333333334,19.28836731912354,12.192265559227279,0.3094220601371253,0.7901000797388664,0.5497610699379959,0,sktime predict_interval / predict_quantiles,,,,,,,,,12.0,,,
economic,economic,expanding,0,lgbm_quantile,ml,72,2023-01-01,2023-06-01,6,0.49925410002470016,,2.820875291615588,3.370832112042838,2.1399989568458126,0.35382568725187685,,2.120749763078967,2.1391579579676594,790.8999999999999,131.81666666666663,False,0.5,4.723454401886381,3.583351423861208,0.23745338173954025,1.2736613560629348,0.7555573689012376,0,quantile objective (alpha=0.05/0.95),,,,,,,,,,345.0,,
economic,economic,expanding,1,lgbm_quantile,ml,78,2023-07-01,2023-12-01,6,0.5229810000164434,,8.575933723301361,8.686943880408503,6.071242591980009,1.1287273675624974,,6.062228660931418,6.256399296948727,847.53,141.255,False,0.0,2.7132953537445936,1.9208490699405993,0.47430661414755493,6.43419508274618,3.4542508484468675,0,quantile objective (alpha=0.05/0.95),,,,,,,,,,381.0,,
economic,economic,expanding,2,lgbm_quantile,ml,84,2024-01-01,2024-06-01,6,0.5771197999129072,,3.958923714553753,5.0659068763333375,2.665223989870576,0.5114796738643619,,2.611867766483449,2.6680782169388535,891.2399999999999,148.54,False,0.3333333333333333,5.925303146223466,3.989028642940263,0.4023271009620226,2.7696207520617775,1.5859739265119002,0,quantile objective (alpha=0.05/0.95),,,,,,,,,,417.0,,
economic,economic,expanding,3,lgbm_quantile,ml,90,2024-07-01,2024-12-01,6,0.618621899979189,,1.6273872974639072,1.9079829423809513,1.0389236351315043,0.193020709520832,,1.0403630329451077,1.035455451495018,939.85,156.64166666666668,False,1.0,5.655159189566841,3.610252182518598,0.1367899494251508,0.14596801005319138,0.14137897973917107,0,quantile objective (alpha=0.05/0.95),,,,,,,,,,453.0,,
economic,economic,expanding,4,lgbm_quantile,ml,96,2025-01-01,2025-06-01,6,0.7126912000821903,,2.333343679905378,2.5345948914966265,1.471847063092786,0.261351915610443,,1.471660089520241,1.4611515537178863,951.1899999999998,158.53166666666664,False,0.3333333333333333,6.98543407483002,4.406333587293824,1.2536647048116774,0.33236239487610847,0.7930135498438929,0,quantile objective (alpha=0.05/0.95),,,,,,,,,,489.0,,
economic,economic,expanding,5,lgbm_quantile,ml,102,2025-07-01,2025-12-01,6,0.7153566000051796,,6.589532699800604,7.359739058915068,4.165273880258702,0.7322607025337134,,4.198018127488249,4.0902421805159666,949.2099999999999,158.20166666666665,False,0.0,5.348218674129195,3.3806335842200537,4.145121133585948,0.4855752038951942,2.315348168740571,0,quantile objective (alpha=0.05/0.95),,,,,,,,,,525.0,,
economic,economic,expanding,0,lgbm_conformal,ml,72,2023-01-01,2023-06-01,6,0.34613759990315884,,2.786572104775876,3.5849354663258044,2.1139755504684863,0.34952299840399825,,2.0849496961689082,2.1150530771862583,790.8999999999999,131.81666666666663,False,1.0,20.383894053413286,15.463821509733183,0.6033869965655456,0.4158077061051191,0.5095973513353323,0,"split conformal (per-horizon, refit each fold)",,,,,,,,,,345.0,8.969824498501964,10.55833569925963
economic,economic,expanding,1,lgbm_conformal,ml,78,2023-07-01,2023-12-01,6,0.3916763999732211,,8.562910336914237,8.706087558618213,6.0620228217863,1.1270132856784982,,6.051396953156371,6.246325213652985,847.53,141.255,False,0.16666666666666666,12.107093535104136,8.57109025174623,0.7308228552233155,2.455002980413215,1.5929129178182653,0,"split conformal (per-horizon, refit each fold)",,,,,,,,,,381.0,6.138676255177529,6.0646398164275865
economic,economic,expanding,2,lgbm_conformal,ml,84,2024-01-01,2024-06-01,6,0.4095855000196025,,7.453904612118005,8.494977995776237,5.0181127050747305,0.9630194908799662,,4.952434032674794,5.115145664293047,891.2399999999999,148.54,False,0.8333333333333334,19.055563657718807,12.828573891018452,0.8490843220488703,0.34483258317625703,0.5969584526125636,0,"split conformal (per-horizon, refit each fold)",,,,,,,,,,417.0,6.688872834261986,11.132247875956608
economic,economic,expanding,3,lgbm_conformal,ml,90,2024-07-01,2024-12-01,6,0.45121129998005927,,1.9475335728740977,2.031793586285319,1.2433049356008496,0.23099253179474719,,1.243959819612215,1.2434814389989117,939.85,156.64166666666668,False,1.0,23.671438170751895,15.111840083471975,0.5919580111560483,0.5916138973815469,0.5917859542687975,0,"split conformal (per-horizon, refit each fold)",,,,,,,,,,453.0,9.331894126796982,13.06779395371177
economic,economic,expanding,4,lgbm_conformal,ml,96,2025-01-01,2025-06-01,6,0.47565009992104024,,1.2102004516747324,1.2751500369588629,0.763380892360979,0.1355514873533936,,0.7657893841442857,0.7641678914314269,951.1899999999998,158.53166666666664,False,1.0,25.061776578793115,15.808688008994915,0.6010802442005637,0.6520085847390927,0.6265444144698282,0,"split conformal (per-horizon, refit each fold)",,,,,,,,,,489.0,9.078157330293976,15.602879976985122
economic,economic,expanding,5,lgbm_conformal,ml,102,2025-07-01,2025-12-01,6,0.5188368998933583,,7.378889979068305,8.13945248922976,4.664230241401779,0.8199778961799575,,4.698605637941234,4.567250103814806,949.2099999999999,158.20166666666665,False,0.8333333333333334,19.692921750673815,12.447986273221193,0.18514452195393075,0.8612675427202614,0.5232060323370961,0,"split conformal (per-horizon, refit each fold)",,,,,,,,,,525.0,6.7073758699207815,12.223842714000426
economic,economic,rolling,0,seasonal_naive,baseline,60,2023-01-01,2023-06-01,6,0.0003781999694183469,,3.8516666666666644,4.259473754663437,2.921987609052976,0.4495452998103387,,2.9044634419085233,2.939618781768111,790.8999999999999,131.81666666666663,False,1.0,43.648,33.11265646731572,1.1971166666666668,0.9852833333333342,1.0912000000000006,0,conformal(in-sample seasonal-naive residuals),,,,,,,,,,,,
economic,economic,rolling,1,seasonal_naive,baseline,60,2023-07-01,2023-12-01,6,0.000318799982778728,,9.304999999999998,9.473667892286137,6.587377437966796,1.0760594598501456,,6.572617553706851,6.803710177460368,847.53,141.255,False,1.0,43.647999999999996,30.9001451276061,1.55645,0.6259500000000006,1.0912000000000002,0,conformal(in-sample seasonal-naive residuals),,,,,,,,,,,,
economic,economic,rolling,2,seasonal_naive,baseline,60,2024-01-01,2024-06-01,6,0.00029909994918853045,,16.72333333333333,16.76823783228279,11.258471343296977,1.7604666973704408,,11.247233290193519,11.919446098157199,891.2399999999999,148.54,False,1.0,43.648,29.384677527938607,1.9273666666666667,0.2550333333333341,1.0912000000000004,0,conformal(in-sample seasonal-naive residuals),,,,,,,,,,,,
economic,economic,rolling,3,seasonal_naive,baseline,60,2024-07-01,2024-12-01,6,0.0002948999172076583,,15.38666666666667,15.600285253802253,9.822844070862374,1.4916486579282213,,9.817082782301796,10.338894239633468,939.85,156.64166666666668,False,1.0,43.647999999999996,27.864872054051176,1.8605333333333336,0.3218666666666667,1.0912000000000002,0,conformal(in-sample seasonal-naive residuals),,,,,,,,,,,,
economic,economic,rolling,4,seasonal_naive,baseline,60,2025-01-01,2025-06-01,6,0.0002962000435218215,,9.991666666666669,10.310506777069692,6.302631440616493,0.8417431595205085,,6.314338560643574,6.534956196423379,951.1899999999998,158.53166666666664,False,1.0,43.647999999999996,27.532669603338977,1.5907833333333332,0.591616666666667,1.0912000000000002,0,conformal(in-sample seasonal-naive residuals),,,,,,,,,,,,
economic,economic,rolling,5,seasonal_naive,baseline,60,2025-07-01,2025-12-01,6,0.00029170000925660133,,2.6700000000000017,3.071525136909459,1.6877192612804344,0.2616311115647649,,1.680824755581523,1.6932565161103763,949.2099999999999,158.20166666666665,False,1.0,36.5,23.071817616754988,0.9905,0.8345000000000008,0.9125000000000004,0,conformal(in-sample seasonal-naive residuals),,,,,,,,,,,,
economic,economic,rolling,0,sarima,classical,60,2023-01-01,2023-06-01,6,1.5470555999781936,,3.0071581756542023,3.4072330784106057,2.281318631170213,0.3509789243578313,,2.2868267603215515,2.276456255395685,790.8999999999999,131.81666666666663,False,1.0,17.92011923385191,13.594729473145971,0.419356010970036,0.47664995072256006,0.448002980846298,0,analytic (state-space),"(1, 1, 2)","(1, 0, 1, 12)",254.51410005201507,265.2192378555246,0.9701626158942233,True,,,,,,
economic,economic,rolling,1,sarima,classical,60,2023-07-01,2023-12-01,6,1.4974359000334516,,3.2230292161879532,3.4084091867918334,2.2817098270418414,0.3727212334715151,,2.2721339040955315,2.3011923456796075,847.53,141.255,False,1.0,16.886491381569744,11.954614974032598,0.5833137453486411,0.2610108237298462,0.42216228453924365,0,analytic (state-space),"(2, 1, 2)","(1, 0, 1, 12)",251.17978968452354,263.6691171219514,0.3795045126606885,True,,,,,,
economic,economic,rolling,2,sarima,classical,60,2024-01-01,2024-06-01,6,1.0496640000492334,,5.5852115291162265,6.599510343604926,3.760072390680105,0.5879556843598897,,3.7006493281033594,3.797214901588839,891.2399999999999,148.54,False,0.5,10.914747784477356,7.348019243622833,0.5521292710677453,1.1450664206101966,0.8485978458389709,0,analytic (state-space),"(2, 1, 2)","(0, 0, 1, 12)",208.3331300224616,219.03826782597116,0.48012567939410944,True,,,,,,
economic,economic,rolling,3,sarima,classical,60,2024-07-01,2024-12-01,6,1.257484900066629,,2.004116343483735,2.783368511659066,1.2794273619090717,0.19428752951188433,,1.2850732599217976,1.2693853750512063,939.85,156.64166666666668,False,1.0,12.948933729193945,8.266595986079018,0.23078578881049647,0.41666089764920117,0.3237233432298488,0,analytic (state-space),"(2, 1, 2)","(0, 0, 1, 12)",206.83719486287606,217.54233266638562,0.05636727496795651,True,,,,,,
economic,economic,rolling,4,sarima,classical,60,2025-01-01,2025-06-01,6,0.8175369999371469,,1.2232954387508101,1.585818168424285,0.7716410635629961,0.10305593671137282,,0.778815483717514,0.7750891092432296,951.1899999999998,158.53166666666664,False,1.0,13.505892493061898,8.51936573748372,0.3189326945712014,0.3563619300818938,0.3376473123265476,0,analytic (state-space),"(1, 1, 2)","(0, 0, 1, 12)",202.5669543589535,211.4879025285448,0.5880356441024837,True,,,,,,
economic,economic,rolling,5,sarima,classical,60,2025-07-01,2025-12-01,6,0.9140225999290124,,2.5135571417090055,3.2549555956261673,1.5888310121315654,0.24630140410744567,,1.6084452530891147,1.5869563186586975,949.2099999999999,158.20166666666665,False,1.0,11.079245247523318,7.003241799511163,0.15756241121678632,0.39639985115937987,0.2769811311880831,0,analytic (state-space),"(1, 1, 2)","(0, 0, 1, 12)",199.1808151575586,208.1017633271499,0.9210074781533352,True,,,,,,
economic,economic,rolling,0,ets,classical,60,2023-01-01,2023-06-01,6,0.4996841000393033,,3.0093508488749072,3.2967346450424175,2.282982057560936,0.35123484108835173,,2.29941009240599,2.2775124976561627,790.8999999999999,131.81666666666663,False,1.0,19.405274061584283,14.721411603174323,0.40806255754170434,0.5622011455375102,0.48513185153960725,0,analytic (state-space),,,333.43993715832113,339.72297084498746,0.959108911361993,True,,SES,,,,
economic,economic,rolling,1,ets,classical,60,2023-07-01,2023-12-01,6,0.5895957000320777,,5.324871062695199,5.755047943703746,3.7696867811370924,0.6157848339060148,,3.7466335730962133,3.8299193109075516,847.53,141.255,False,1.0,19.647005093339555,13.90889178672582,0.7574186804682489,0.22493157419872908,0.491175127333489,0,analytic (state-space),,,334.66496782631,340.94800151297625,0.9726395927196722,True,,SES,,,,
economic,economic,rolling,2,ets,classical,60,2024-01-01,2024-06-01,6,0.5818980999756604,,5.505059550652736,6.7656446346892585,3.7061125290512567,0.5795180788896888,,3.6392074387913502,3.7405561012333473,891.2399999999999,148.54,False,1.0,20.112758255131354,13.54029773470537,0.7780719339109208,0.22756597884564722,0.502818956378284,0,analytic (state-space),,,335.8355976429489,342.11863132961525,0.9540219119820058,True,,SES,,,,
economic,economic,rolling,3,ets,classical,60,2024-07-01,2024-12-01,6,0.6804575000423938,,2.126178033700531,2.393257247604793,1.3573515137738135,0.2061207069206582,,1.352505595838608,1.3641518591675208,939.85,156.64166666666668,False,1.0,20.79773101918917,13.277266171743898,0.6262521771647559,0.4136343737947031,0.5199432754797295,0,analytic (state-space),,,336.4677603812452,342.75079406791156,0.9939865431930167,True,,SES,,,,
economic,economic,rolling,4,ets,classical,60,2025-01-01,2025-06-01,6,0.5461948000593111,,1.5121330072573518,1.5636463572954613,0.9538365671994148,0.12738891894686083,,0.9550501530187242,0.9554827149780722,951.1899999999998,158.53166666666664,False,1.0,12.283992422606682,7.748604856615408,0.3247788347467993,0.289420786383535,0.30709981056516716,0,analytic (state-space),,,282.7523913053449,295.3184586786775,0.11842307373101935,True,,Holt-damped,,,,
economic,economic,rolling,5,ets,classical,60,2025-07-01,2025-12-01,6,0.5761181999696419,,3.541213912973125,4.426942751247427,2.2384175764940055,0.3470006488163928,,2.2648850533658322,2.225365350620569,949.2099999999999,158.20166666666665,False,1.0,12.565369476842704,7.942627749502875,0.14403286064730095,0.4842356131948347,0.31413423692106784,0,analytic (state-space),,,278.2960950875223,290.8621624608549,0.04756004519592975,False,,Holt-damped,,,,
economic,economic,rolling,0,prophet,gam,60,2023-01-01,2023-06-01,6,1.3019150999607518,,2.6542334775280856,3.7667144265274763,2.0135795758210286,0.3097874992008659,,1.9789544517863478,2.0075157297058475,790.8999999999999,131.81666666666663,False,0.8333333333333334,8.268210789947515,6.272507869475927,0.2843674250683889,0.7243519644201902,0.5043596947442895,0,native (Prophet MAP trend + observation noise),,,,,,,,,,,,
economic,economic,rolling,1,prophet,gam,60,2023-07-01,2023-12-01,6,1.4062615999719128,,6.357980847627085,6.7505318146637245,4.501066049079385,0.7352568980800832,,4.513431956764411,4.631763492484761,847.53,141.255,False,0.16666666666666666,9.139993132942676,6.470562552081467,0.5441517341476497,2.171949486871506,1.3580506105095778,0,native (Prophet MAP trend + observation noise),,,,,,,,,,,,
economic,economic,rolling,2,prophet,gam,60,2024-01-01,2024-06-01,6,2.0245589999249205,,10.159890997803606,10.311476636565954,6.8398350597843045,1.0695325742802666,,6.820428619201681,7.0674919717130065,891.2399999999999,148.54,False,0.0,7.299766917061187,4.914344228531835,0.6841448604753123,6.063973777822807,3.3740593191490595,0,native (Prophet MAP trend + observation noise),,,,,,,,,,,,
economic,economic,rolling,3,prophet,gam,60,2024-07-01,2024-12-01,6,1.6905570001108572,,3.7773007197941553,4.067191293775674,2.4114278149454624,0.36618753569793683,,2.417289398569757,2.3982559715810887,939.85,156.64166666666668,False,0.6666666666666666,8.717382808598325,5.565174958939187,0.49550250644689414,0.28159970819192826,0.3885511073194112,0,native (Prophet MAP trend + observation noise),,,,,,,,,,,,
economic,economic,rolling,4,prophet,gam,60,2025-01-01,2025-06-01,6,1.6197414000052959,,4.3668002228771785,4.694947313523312,2.754528678525119,0.367878987482852,,2.7586407761259157,2.7153005925373757,951.1899999999998,158.53166666666664,False,0.3333333333333333,6.618324503357779,4.174764980723797,1.3854774843493847,0.3818916932963168,0.8836845888228507,0,native (Prophet MAP trend + observation noise),,,,,,,,,,,,
economic,economic,rolling,5,prophet,gam,60,2025-07-01,2025-12-01,6,1.7978611000580713,,6.517672300665136,7.641208797399919,4.119850591964983,0.6386613666059539,,4.159367796971872,4.043146346066146,949.2099999999999,158.20166666666665,False,0.3333333333333333,5.3882103823489205,3.4059125266372585,3.9281623646507278,0.46176350551658857,2.1949629350836584,0,native (Prophet MAP trend + observation noise),,,,,,,,,,,,
economic,economic,rolling,0,sktime_theta,gam,60,2023-01-01,2023-06-01,6,0.07591390004381537,,4.088515875151162,4.967040561127553,3.1016683842340345,0.477189033718951,,3.0572724477252566,3.127015506450539,790.8999999999999,131.81666666666663,False,1.0,19.589751645578627,14.861361723792108,0.6941695848970237,0.28531799738190794,0.48974379113946587,0,sktime predict_interval / predict_quantiles,,,,,,,,,12.0,,,
economic,economic,rolling,1,sktime_theta,gam,60,2023-07-01,2023-12-01,6,0.06586029997561127,,1.427633631634426,1.9522036680583557,1.010678299270416,0.16509604239875794,,1.005017288704597,0.9967166726487323,847.53,141.255,False,1.0,19.975244794859965,14.141265650674287,0.4528263729830376,0.5459358667599612,0.49938111987149936,0,sktime predict_interval / predict_quantiles,,,,,,,,,12.0,,,
economic,economic,rolling,2,sktime_theta,gam,60,2024-01-01,2024-06-01,6,0.07862739998381585,,12.320601004795904,12.661805297354421,8.294466813515488,1.2969906972612308,,8.251020552888273,8.623534425312428,891.2399999999999,148.54,False,0.0,19.092169371529277,12.853217565321987,1.0933342845280272,2.6357905030797055,1.8645623938038662,0,sktime predict_interval / predict_quantiles,,,,,,,,,12.0,,,
economic,economic,rolling,3,sktime_theta,gam,60,2024-07-01,2024-12-01,6,0.07491630001459271,,2.602428053263329,3.5964128873471766,1.6613894046475473,0.2522904016251082,,1.6685659312508125,1.6424176236449899,939.85,156.64166666666668,False,1.0,20.53357199104383,13.108627115631533,0.38922233148293944,0.6374562680692526,0.513339299776096,0,sktime predict_interval / predict_quantiles,,,,,,,,,12.0,,,
economic,economic,rolling,4,sktime_theta,gam,60,2025-01-01,2025-06-01,6,0.07540430000517517,,3.1462849572672362,3.5398533535173224,1.9846413170453245,0.2650572651224658,,1.9775107297380867,2.002553036051254,951.1899999999998,158.53166666666664,False,1.0,16.98199895234906,10.71205476446287,0.5818642216720885,0.26723572594536477,0.4245499738087266,0,sktime predict_interval / predict_quantiles,,,,,,,,,12.0,,,
economic,economic,rolling,5,sktime_theta,gam,60,2025-07-01,2025-12-01,6,0.06982780003454536,,5.187384497003246,6.141741033912045,3.278969562269622,0.5083075550804447,,3.3116230525694497,3.236058811724162,949.2099999999999,158.20166666666665,False,0.8333333333333334,15.791176286277093,9.98167504742497,0.19680822396989492,0.6541486320070901,0.4254784279884925,0,sktime predict_interval / predict_quantiles,,,,,,,,,12.0,,,
economic,economic,rolling,0,lgbm_quantile,ml,60,2023-01-01,2023-06-01,6,0.533255200018175,,2.5477457484363604,3.2451321986535793,1.9327948527776158,0.2973588385083531,,1.9076699155536951,1.9301963744314694,790.8999999999999,131.81666666666663,False,0.5,7.621341596098174,5.781773874900626,0.367764328890505,1.361842353818932,0.8648033413547185,0,quantile objective (alpha=0.05/0.95),,,,,,,,,,273.0,,
economic,economic,rolling,1,lgbm_quantile,ml,60,2023-07-01,2023-12-01,6,0.5222157000098377,,7.697563515573464,7.895855235084136,5.4494095894470735,0.8901704501590727,,5.433327884703312,5.592583725841597,847.53,141.255,False,0.0,2.1107214743137823,1.4942631937374127,0.4381517695298842,6.319698220469706,3.378924994999795,0,quantile objective (alpha=0.05/0.95),,,,,,,,,,273.0,,
economic,economic,rolling,2,lgbm_quantile,ml,60,2024-01-01,2024-06-01,6,0.5218330000061542,,6.320711263475393,7.259808973210633,4.255225032634572,0.6653818028528607,,4.196268711835845,4.314139329397914,891.2399999999999,148.54,False,0.0,2.302777746151667,1.5502745025930167,0.3827266069491846,5.084166673190424,2.733446640069804,0,quantile objective (alpha=0.05/0.95),,,,,,,,,,273.0,,
economic,economic,rolling,3,lgbm_quantile,ml,60,2024-07-01,2024-12-01,6,0.5310071000130847,,2.115168141039618,2.268828083160604,1.3503228011105717,0.20505336127865745,,1.3502801451951327,1.3489702533806749,939.85,156.64166666666668,False,1.0,5.687357390650125,3.6308075058680376,0.13534278080621479,0.14902508872629158,0.14218393476625318,0,quantile objective (alpha=0.05/0.95),,,,,,,,,,273.0,,
economic,economic,rolling,4,lgbm_quantile,ml,60,2025-01-01,2025-06-01,6,0.5124306000070646,,1.6621734875432044,1.8025633679984832,1.0484804219198296,0.14002900714687297,,1.0484090781057946,1.0429800934802769,951.1899999999998,158.53166666666664,False,0.6666666666666666,9.914488111846874,6.253948072528227,0.352432816032366,0.36808408806205156,0.36025845204720874,0,quantile objective (alpha=0.05/0.95),,,,,,,,,,273.0,,
economic,economic,rolling,5,lgbm_quantile,ml,60,2025-07-01,2025-12-01,6,0.5274447000119835,,7.153819190380996,7.884044183228369,4.521961962293484,0.7009968789186236,,4.555112948976968,4.431706541439614,949.2099999999999,158.20166666666665,False,0.3333333333333333,6.094361087865788,3.8522736304078897,3.3609466546515194,0.47308527487349955,1.9170159647625096,0,quantile objective (alpha=0.05/0.95),,,,,,,,,,273.0,,
economic,economic,rolling,0,lgbm_conformal,ml,60,2023-01-01,2023-06-01,6,0.3671358999563381,,2.625403818104109,3.4794687530335597,1.9917085483151669,0.3064226602854574,,1.961944416131349,1.9911374890052707,790.8999999999999,131.81666666666663,False,1.0,20.27768905015561,15.383251270822315,0.5995311074443268,0.4143533450634542,0.5069422262538905,0,"split conformal (per-horizon, refit each fold)",,,,,,,,,,273.0,10.206555472658664,9.498796463504078
economic,economic,rolling,1,lgbm_conformal,ml,60,2023-07-01,2023-12-01,6,0.3500837000319734,,7.494444992186549,7.729098104168745,5.305613955036317,0.8666811854023523,,5.288032381433591,5.44042654564045,847.53,141.255,False,0.5,15.430006588244927,10.923511796569981,0.7604724143154505,0.43721890832453997,0.5988456613199953,0,"split conformal (per-horizon, refit each fold)",,,,,,,,,,273.0,6.928931296574518,7.45972805355882
economic,economic,rolling,2,lgbm_conformal,ml,60,2024-01-01,2024-06-01,6,0.3517194999149069,,8.440023700431434,9.19446941298217,5.681987141801155,0.8884820001770047,,5.623151933590949,5.814856342680525,891.2399999999999,148.54,False,0.6666666666666666,19.93377952678288,13.419805794252648,0.9203456731911438,0.5567098872915252,0.7385277802413345,0,"split conformal (per-horizon, refit each fold)",,,,,,,,,,273.0,7.904892954060244,11.139841408267444
economic,economic,rolling,3,lgbm_conformal,ml,60,2024-07-01,2024-12-01,6,0.36171210010070354,,2.5806180337650724,2.9157255073417145,1.6474658937692648,0.2501760459287934,,1.650264086634044,1.6385180253051654,939.85,156.64166666666668,False,1.0,27.068026630327,17.28022128871224,0.625473004037921,0.7279283274784297,0.6767006657581753,0,"split conformal (per-horizon, refit each fold)",,,,,,,,,,273.0,10.753520765231002,15.582932178932992
economic,economic,rolling,4,lgbm_conformal,ml,60,2025-01-01,2025-06-01,6,0.35589299991261214,,1.6417388853565171,1.6990039839932298,1.0355905036994821,0.13830750390001725,,1.0353638647707089,1.031861519882692,951.1899999999998,158.53166666666664,False,1.0,18.022668379891087,11.36849738531172,0.39878768958980765,0.5023457294047472,0.4505667094972774,0,"split conformal (per-horizon, refit each fold)",,,,,,,,,,273.0,4.782012263779194,11.784189770271581
economic,economic,rolling,5,lgbm_conformal,ml,60,2025-07-01,2025-12-01,6,0.36723069997970015,,6.384088896996914,7.329190135418173,4.0354119090592695,0.6255716383706276,,4.071161780350996,3.964147492545945,949.2099999999999,158.20166666666665,False,0.3333333333333333,11.545110214529862,7.297717184519671,1.7923499371539997,0.6078322002130928,1.2000910686835462,0,"split conformal (per-horizon, refit each fold)",,,,,,,,,,273.0,5.437383576409388,7.232877126667091
intermittent,SKU-C3087,expanding,0,seasonal_naive,baseline,619,2025-09-11,2025-09-24,14,0.0002087999600917101,,0.7857142857142857,2.1547290184283368,100.0,1.150375939849624,,14.285714257653062,28.571428515306124,11.0,0.7857142857142857,False,0.8571428571428571,3.0,381.8181818181818,0.03928571428571429,0.467857142857143,0.25357142857142867,0,conformal(in-sample seasonal-naive residuals),,,,,,,,,,,,
intermittent,SKU-C3087,expanding,1,seasonal_naive,baseline,633,2025-09-25,2025-10-08,14,0.0001943999668583274,,0.9285714285714286,1.7928429140015905,260.0,1.333224115334207,,5714285728.571428,57.14285695238095,5.0,0.35714285714285715,False,0.8571428571428571,3.4285714285714284,960.0,0.1535714285714286,0.16071428571428584,0.15714285714285722,0,conformal(in-sample seasonal-naive residuals),,,,,,,,,,,,
intermittent,SKU-C3087,expanding,2,seasonal_naive,baseline,647,2025-10-09,2025-10-22,14,0.00019419996533542871,,0.7857142857142857,1.7525491637693282,100.0,1.1174603174603175,,21.428571366666667,42.85714273333333,11.0,0.7857142857142857,False,0.9285714285714286,3.0,381.8181818181818,0.03928571428571429,0.2535714285714287,0.14642857142857152,0,conformal(in-sample seasonal-naive residuals),,,,,,,,,,,,
intermittent,SKU-C3087,expanding,3,seasonal_naive,baseline,661,2025-10-23,2025-11-05,14,0.00018989993259310722,,0.7857142857142857,1.9086270308410553,1100.0,1.1146575766966222,,7142857150.0,42.85714265714286,1.0,0.07142857142857142,False,0.8571428571428571,3.4285714285714284,4800.0,0.27499999999999997,0.18214285714285733,0.22857142857142865,0,conformal(in-sample seasonal-naive residuals),,,,,,,,,,,,
intermittent,SKU-C3087,expanding,4,seasonal_naive,baseline,675,2025-11-06,2025-11-19,14,0.00019219995010644197,,0.21428571428571427,0.4629100498862757,300.0,0.3065157540532273,,1428571435.7142856,42.857142428571436,1.0,0.07142857142857142,False,1.0,3.142857142857143,4400.0,0.0035714285714285718,0.15357142857142872,0.07857142857142864,0,conformal(in-sample seasonal-naive residuals),,,,,,,,,,,,
intermittent,SKU-C3087,expanding,5,seasonal_naive,baseline,689,2025-11-20,2025-12-03,14,0.0001876999158412218,,0.0,0.0,0.0,0.0,,0.0,0.0,0.0,0.0,True,1.0,3.0,,0.0,0.15000000000000013,0.07500000000000007,0,conformal(in-sample seasonal-naive residuals),,,,,,,,,,,,
intermittent,SKU-C3087,expanding,6,seasonal_naive,baseline,703,2025-12-04,2025-12-17,14,0.00018660002388060093,,0.8571428571428571,2.29906813420444,100.0,1.2693009118541032,,14.285714261224491,28.571428522448983,12.0,0.8571428571428571,False,0.8571428571428571,3.0,350.0,0.042857142857142864,0.5357142857142858,0.2892857142857143,0,conformal(in-sample seasonal-naive residuals),,,,,,,,,,,,
intermittent,SKU-C3087,expanding,7,seasonal_naive,baseline,717,2025-12-18,2025-12-31,14,0.00019100005738437176,,1.4285714285714286,2.7774602993176543,200.0,2.104327208061648,,12142857150.0,57.14285701768708,10.0,0.7142857142857143,False,0.7857142857142857,3.857142857142857,540.0,0.5642857142857143,0.20000000000000023,0.38214285714285723,0,conformal(in-sample seasonal-naive residuals),,,,,,,,,,,,
intermittent,SKU-C3087,expanding,0,sarima,classical,619,2025-09-11,2025-09-24,14,5.886169599951245,,1.012194258448699,2.0606844429583657,128.8247238025617,1.4819686272024013,,2716970163.504273,196.66603367374807,11.0,0.7857142857142857,False,0.8571428571428571,2.656655785541008,338.1198272506738,0.03928571428571429,0.4997926018775023,0.2695391580816083,0,analytic (state-space),"(1, 0, 2)","(0, 0, 1, 7)",2172.7075067209703,2194.7665980595198,0.333492321317535,True,,,,,,
intermittent,SKU-C3087,expanding,1,sarima,classical,633,2025-09-25,2025-10-08,14,4.867473299964331,,0.6089683755528548,0.8966314617682669,170.51114515479935,0.8743445025139611,,3013949128.0143237,192.81408904528675,5.0,0.35714285714285715,False,0.9285714285714286,2.7192118392331595,761.3793149852846,0.017857142857142856,0.13843926142674276,0.0781482021419428,0,analytic (state-space),"(1, 0, 2)","(0, 0, 1, 7)",2237.3662349787296,2259.538967572667,0.20448620364352968,True,,,,,,
intermittent,SKU-C3087,expanding,2,sarima,classical,647,2025-10-09,2025-10-22,14,5.319331599981524,,0.9842005602860346,1.6253733030777224,125.26188949094986,1.3997519079623604,,2737561355.697241,192.13004174739245,11.0,0.7857142857142857,False,0.7857142857142857,2.701121260636064,343.77906953549905,0.03928571428571429,0.30222665173539204,0.17075618301055318,0,analytic (state-space),"(1, 0, 2)","(0, 0, 1, 7)",2278.63840244038,2300.922250718241,0.20014739248726837,True,,,,,,
intermittent,SKU-C3087,expanding,3,sarima,classical,661,2025-10-23,2025-11-05,14,4.2175174000440165,,0.4005544753525064,0.4054951644158983,560.776265493509,0.5682486483308875,,3563349245.0740824,192.11861273202746,1.0,0.07142857142857142,False,1.0,2.7429164303765154,3840.083002527122,0.0035714285714285718,0.13357439294739734,0.06857291075941295,0,analytic (state-space),"(1, 0, 2)","(0, 0, 1, 7)",2332.3797410931948,2354.772289304238,0.25996676722400136,True,,,,,,
intermittent,SKU-C3087,expanding,4,sarima,classical,675,2025-11-06,2025-11-19,14,6.291163300047629,,0.3770671844447834,0.38446478005080736,527.8940582226968,0.5393594843878272,,3308212712.303859,192.55257363109024,1.0,0.07142857142857142,False,1.0,2.6923043730936,3769.22612233104,0.0035714285714285718,0.13104379008325157,0.06730760932734006,0,analytic (state-space),"(1, 0, 2)","(0, 0, 1, 7)",2369.163829380958,2391.6627645842373,0.25136064513570733,True,,,,,,
intermittent,SKU-C3087,expanding,5,sarima,classical,689,2025-11-20,2025-12-03,14,5.181454699952155,,0.334173259222886,0.33418019695902257,100.0,0.48490672934044304,,3341732592.22886,199.99999401483242,0.0,0.0,True,1.0,2.647741755684305,,0.0,0.1323870877842154,0.0661935438921077,0,analytic (state-space),"(1, 0, 2)","(0, 0, 1, 7)",2405.5877550750124,2428.1908607128057,0.23796034880619965,True,,,,,,
intermittent,SKU-C3087,expanding,6,sarima,classical,703,2025-12-04,2025-12-17,14,5.036566299968399,,1.0787858062760285,2.201587421726669,125.85834406553664,1.5975211088683314,,2662621063.7627435,197.09954273013838,12.0,0.8571428571428571,False,0.8571428571428571,2.602337198123869,303.60600644778475,0.042857142857142864,0.5724112801369107,0.30763421149702674,0,analytic (state-space),"(1, 0, 2)","(0, 0, 1, 7)",2441.49482878137,2464.1999787773193,0.2250875990294897,True,,,,,,
intermittent,SKU-C3087,expanding,7,sarima,classical,717,2025-12-18,2025-12-31,14,7.028584200073965,,0.9713846963378715,1.9433851161028821,135.99385748730202,1.4308778721989395,,3063008489.001115,195.72548114229232,10.0,0.7142857142857143,False,0.8571428571428571,2.680528037716308,375.2739252802831,0.03571428571428571,0.4312450001810668,0.23347964294767626,0,analytic (state-space),"(1, 0, 2)","(0, 0, 1, 7)",2511.007454649557,2533.81260797904,0.38561583817864553,True,,,,,,
intermittent,SKU-C3087,expanding,0,ets,classical,619,2025-09-11,2025-09-24,14,0.7503900999436155,,1.0476400816988227,2.04965519831784,133.336010398032,1.533865382774353,,3143109565.071166,196.1784753606625,11.0,0.7857142857142857,False,0.8571428571428571,2.7170586183274392,345.8074605144013,0.03928571428571429,0.4941302703158942,0.2667079923008042,0,analytic (state-space),,,2204.5105627614244,2217.7948785794783,0.41758563009119337,True,,SES,,,,
intermittent,SKU-C3087,expanding,1,ets,classical,633,2025-09-25,2025-10-08,14,0.8465636000037193,,0.6256967210279794,0.895195550251038,175.19508188783425,0.8983627233108143,,3222646378.669234,192.29689875925376,5.0,0.35714285714285715,False,0.9285714285714286,2.753622085911035,771.0141840550898,0.017857142857142856,0.13742238429791478,0.07763976357752882,0,analytic (state-space),,,2268.846258094176,2282.1976693606084,0.25099184217376763,True,,SES,,,,
intermittent,SKU-C3087,expanding,2,ets,classical,647,2025-10-09,2025-10-22,14,0.6994921999284998,,1.000324172596571,1.6193523955170768,127.31398560319992,1.422683267692901,,2950885963.7350564,191.646092576892,11.0,0.7857142857142857,False,0.7857142857142857,2.737303385401127,348.3840672328707,0.03928571428571429,0.29672873924123044,0.16800722676347238,0,analytic (state-space),,,2310.205197138495,2323.6222360219977,0.2520890786739844,True,,SES,,,,
intermittent,SKU-C3087,expanding,3,ets,classical,661,2025-10-23,2025-11-05,14,0.7695418000221252,,0.4007995313740661,0.40520841843258815,561.1193439236926,0.5685962983050742,,3568185403.807624,192.06869358882054,1.0,0.07142857142857142,False,1.0,2.752754467444103,3853.8562544217443,0.0035714285714285718,0.13406629480077667,0.06881886168610261,0,analytic (state-space),,,2363.8385905414543,2377.3198520610094,0.3180313272364896,True,,SES,,,,
intermittent,SKU-C3087,expanding,4,ets,classical,675,2025-11-06,2025-11-19,14,0.7664060000097379,,0.39523441944161597,0.40021711526076004,553.3281872182623,0.5653460218137034,,3507896691.2524557,192.16595820123774,1.0,0.07142857142857142,False,1.0,2.7235116519219345,3812.9163126907088,0.0035714285714285718,0.13260415402466827,0.06808779129804841,0,analytic (state-space),,,2400.747767073273,2414.2919051458903,0.31524704274569776,True,,SES,,,,
intermittent,SKU-C3087,expanding,5,ets,classical,689,2025-11-20,2025-12-03,14,0.8612979999743402,,0.3715334317447135,0.3715334317447134,100.0,0.5391187243614778,,3715334317.4471364,199.99999461690447,0.0,0.0,True,1.0,2.695190469731572,,0.0,0.1347595234865787,0.06737976174328934,0,analytic (state-space),,,2437.3836513367905,2450.9893751498316,0.30307163629821054,True,,SES,,,,
intermittent,SKU-C3087,expanding,6,ets,classical,703,2025-12-04,2025-12-17,14,0.8050549000035971,,1.1172308188287794,2.1895407836766574,130.34359553002426,1.6544524466060222,,3121055553.625051,196.64780212809612,12.0,0.8571428571428571,False,0.8571428571428571,2.666110343085372,311.0462066932934,0.042857142857142864,0.5667183203521005,0.30478773160462164,0,analytic (state-space),,,2473.614148400184,2487.280219075616,0.2910440686688145,True,,SES,,,,
intermittent,SKU-C3087,expanding,7,ets,classical,717,2025-12-18,2025-12-31,14,0.8772478000028059,,0.9812621059584333,1.9361317339438582,137.37669483418068,1.4454275834657422,,3203716713.0870266,195.38642458940961,10.0,0.7142857142857143,False,0.8571428571428571,2.7080143281713123,379.1220059439837,0.03571428571428571,0.4271129519065965,0.2314136188104411,0,analytic (state-space),,,2542.7124715240984,2556.4376990458973,0.4646567687394816,True,,SES,,,,
intermittent,SKU-C3087,expanding,0,prophet,gam,619,2025-09-11,2025-09-24,14,0.41910609998740256,,0.9410057333416416,2.1187583794567226,119.76436606166348,1.3777404516868055,,1875231840.4407241,139.9855933236107,11.0,0.7857142857142857,False,0.8571428571428571,2.4116503854273375,306.9373217816611,0.03928571428571429,0.5121957133113434,0.2757407137985288,0,native (Prophet MAP trend + observation noise),,,,,,,,,,,,
intermittent,SKU-C3087,expanding,1,prophet,gam,633,2025-09-25,2025-10-08,14,0.39588019996881485,,1.1660144612201553,1.1992742186517338,326.4840491416435,1.6741400291830668,,9863488370.210049,180.8303933182053,5.0,0.35714285714285715,False,1.0,3.4748359138209315,972.9540558698608,0.017857142857142856,0.15588465283390388,0.08687089784552336,0,native (Prophet MAP trend + observation noise),,,,,,,,,,,,
intermittent,SKU-C3087,expanding,2,prophet,gam,647,2025-10-09,2025-10-22,14,0.40956489997915924,,1.1116111275484817,1.6111091671710693,141.47777986980677,1.5809580480689518,,4545997044.394542,187.01038056664376,11.0,0.7857142857142857,False,0.8571428571428571,2.907909776946756,370.0976079750417,0.03928571428571429,0.2813953333998488,0.16034052384278155,0,native (Prophet MAP trend + observation noise),,,,,,,,,,,,
intermittent,SKU-C3087,expanding,3,prophet,gam,661,2025-10-23,2025-11-05,14,0.4190926000010222,,0.4763236878138732,0.5357334499746363,666.8531629394224,0.675739027831395,,4260110775.2712173,193.4808236620359,1.0,0.07142857142857142,False,1.0,2.744029910590019,3841.641874826027,0.0035714285714285718,0.1336300669580725,0.06860074776475053,0,native (Prophet MAP trend + observation noise),,,,,,,,,,,,
intermittent,SKU-C3087,expanding,4,prophet,gam,675,2025-11-06,2025-11-19,14,0.42294009996112436,,0.9013903787137961,0.952478077946204,1261.9465301993146,1.2893549742629888,,8936408134.801676,186.44936429158022,1.0,0.07142857142857142,False,1.0,3.2638313595538615,4569.363903375406,0.0035714285714285718,0.15962013940626463,0.08159578398884659,0,native (Prophet MAP trend + observation noise),,,,,,,,,,,,
intermittent,SKU-C3087,expanding,5,prophet,gam,689,2025-11-20,2025-12-03,14,0.415688700042665,,0.418082521754169,0.4604235214460181,100.0,0.606664425183709,,4180825217.5416903,199.99998945524186,0.0,0.0,True,1.0,2.7161663718272124,,0.0,0.13580831859136072,0.06790415929568036,0,native (Prophet MAP trend + observation noise),,,,,,,,,,,,
intermittent,SKU-C3087,expanding,6,prophet,gam,703,2025-12-04,2025-12-17,14,0.4111551999812946,,0.9726700130221178,2.1461394955754676,113.47816818591374,1.440379423539136,,1768717325.313377,167.71062917798963,12.0,0.8571428571428571,False,0.8571428571428571,2.454520842256176,286.3607649298872,0.042857142857142864,0.5648221722264801,0.30383965754181147,0,native (Prophet MAP trend + observation noise),,,,,,,,,,,,
intermittent,SKU-C3087,expanding,7,prophet,gam,717,2025-12-18,2025-12-31,14,0.40865460003260523,,1.327422649326851,1.8504723825071492,185.83917090575918,1.9553321183030379,,7745398401.26508,188.24391807015206,10.0,0.7142857142857143,False,0.9285714285714286,3.2034805166790683,448.4872723350695,0.03571428571428571,0.37738493534393847,0.20654961052911208,0,native (Prophet MAP trend + observation noise),,,,,,,,,,,,
intermittent,SKU-C3087,expanding,0,sktime_theta,gam,619,2025-09-11,2025-09-24,14,0.07035850000102073,,1.0188586846208685,2.060392820469191,129.67292349720145,1.4917261124114152,,2792869601.668006,196.7507688156,11.0,0.7857142857142857,False,0.8571428571428571,2.6599860943096454,338.54368473031855,0.03928571428571429,0.49977723400231594,0.2695314741440151,0,sktime predict_interval / predict_quantiles,,,,,,,,,7.0,,,
intermittent,SKU-C3087,expanding,1,sktime_theta,gam,633,2025-09-25,2025-10-08,14,0.06480669998563826,,0.5828801603316661,0.8631984741266298,163.2064448928665,0.8368875696505114,,2948113937.6092854,190.4782738652672,5.0,0.35714285714285715,False,0.9285714285714286,2.7260686104528093,763.2992109267866,0.017857142857142856,0.12925361825232232,0.07355538055473258,0,sktime predict_interval / predict_quantiles,,,,,,,,,7.0,,,
intermittent,SKU-C3087,expanding,2,sktime_theta,gam,647,2025-10-09,2025-10-22,14,0.06728009996004403,,1.0536646016332845,1.7063674257053247,134.10276748059985,1.4985452112117823,,3152327855.2738037,194.7132730054487,11.0,0.7857142857142857,False,0.7857142857142857,2.7080019411397336,344.65479250869333,0.03928571428571429,0.33194191016068514,0.18561381222319973,0,sktime predict_interval / predict_quantiles,,,,,,,,,7.0,,,
intermittent,SKU-C3087,expanding,3,sktime_theta,gam,661,2025-10-23,2025-11-05,14,0.0675560999661684,,0.4501451719916372,0.4845827093379927,630.2032407882921,0.6386007429122141,,3880325094.9723935,196.70356102930052,1.0,0.07142857142857142,False,1.0,2.7528414313186045,3853.9780038460462,0.0035714285714285718,0.13407064299450175,0.06882103578296515,0,sktime predict_interval / predict_quantiles,,,,,,,,,7.0,,,
intermittent,SKU-C3087,expanding,4,sktime_theta,gam,675,2025-11-06,2025-11-19,14,0.06802450004033744,,0.3611609054352286,0.3876339466281116,505.6252676093201,0.5166070338987853,,3304041272.751666,189.63382503481458,1.0,0.07142857142857142,False,1.0,2.70468690408876,3786.561665724264,0.0035714285714285718,0.13166291663300955,0.06761717260221906,0,sktime predict_interval / predict_quantiles,,,,,,,,,7.0,,,
intermittent,SKU-C3087,expanding,5,sktime_theta,gam,689,2025-11-20,2025-12-03,14,0.07753160002175719,,0.34660430345970233,0.37705640353619624,100.0,0.5029449679989723,,3466043034.597023,199.9999920923234,0.0,0.0,True,1.0,2.658207979113775,,0.0,0.13291039895568882,0.06645519947784441,0,sktime predict_interval / predict_quantiles,,,,,,,,,7.0,,,
intermittent,SKU-C3087,expanding,6,sktime_theta,gam,703,2025-12-04,2025-12-17,14,0.0670226999791339,,1.049380669590791,2.1519390195880983,122.42774478559228,1.5539764809259373,,2552218087.252941,196.09086845832994,12.0,0.8571428571428571,False,0.8571428571428571,2.6085041350319753,304.3254824203971,0.042857142857142864,0.5545414499869545,0.2986992964220487,0,sktime predict_interval / predict_quantiles,,,,,,,,,7.0,,,
intermittent,SKU-C3087,expanding,7,sktime_theta,gam,717,2025-12-18,2025-12-31,14,0.06731530011165887,,0.9278761284547564,1.8815423028581468,129.9026579836659,1.366788487972774,,2861701559.072686,194.09860732624676,10.0,0.7142857142857143,False,0.8571428571428571,2.6792231724001754,375.0912441360245,0.03571428571428571,0.40845666424704113,0.22208547498066342,0,sktime predict_interval / predict_quantiles,,,,,,,,,7.0,,,
intermittent,SKU-C3087,expanding,0,lgbm_quantile,ml,619,2025-09-11,2025-09-24,14,2.543917099945247,,0.7886808921953697,2.1531146865334803,100.37756809759253,1.1547193924008763,,37304970.76779506,142.7870338230251,11.0,0.7857142857142857,False,0.8571428571428571,0.4076787672138678,51.88638855449227,0.03928571428571429,0.6942989878722166,0.3667923510789654,0,quantile objective (alpha=0.05/0.95),,,,,,,,,,8183.0,,
intermittent,SKU-C3087,expanding,1,lgbm_quantile,ml,633,2025-09-25,2025-10-08,14,2.615156100015156,,0.7582449567290193,1.1549480262324698,212.30858788412542,1.0886728048448762,,4014851879.1574917,199.93693923752033,5.0,0.35714285714285715,False,0.07142857142857142,2.543225639041847,712.1031789317171,0.019824649203640524,0.2919218255621686,0.15587323738290457,0,quantile objective (alpha=0.05/0.95),,,,,,,,,,8379.0,,
intermittent,SKU-C3087,expanding,2,lgbm_quantile,ml,647,2025-10-09,2025-10-22,14,2.6337000998901203,,0.777937324465065,1.7393074256462004,99.01020493191737,1.1063997503503147,,21.169339325890085,41.83870183990882,11.0,0.7857142857142857,False,0.9285714285714286,1.1308116018847747,143.92147660351677,0.03928571428571429,0.36171120118865474,0.20049845773718453,0,quantile objective (alpha=0.05/0.95),,,,,,,,,,8575.0,,
intermittent,SKU-C3087,expanding,3,lgbm_quantile,ml,661,2025-10-23,2025-11-05,14,2.6093170000240207,,0.38497285708628104,0.5432006018408663,538.9619999207935,0.5461437061484333,,3197795030.2145114,197.706118789579,1.0,0.07142857142857142,False,0.9285714285714286,1.4281857770586694,1999.4600878821373,0.0035714285714285718,0.0943258066291252,0.048948617600276884,0,quantile objective (alpha=0.05/0.95),,,,,,,,,,8771.0,,
intermittent,SKU-C3087,expanding,4,lgbm_quantile,ml,675,2025-11-06,2025-11-19,14,2.5293235999997705,,0.17738974927277526,0.3059996925981614,248.34564898188538,0.2537395128784023,,1754018943.9122636,143.05318690224092,1.0,0.07142857142857142,False,1.0,1.699523194148783,2379.3324718082963,0.0035714285714285718,0.08140473113601066,0.042488079853719614,0,quantile objective (alpha=0.05/0.95),,,,,,,,,,8967.0,,
intermittent,SKU-C3087,expanding,5,lgbm_quantile,ml,689,2025-11-20,2025-12-03,14,2.6309947000117972,,0.04083848675597795,0.10462277089923361,100.0,0.05925925099484459,,408384867.5597795,71.42847600212372,0.0,0.0,True,1.0,0.6320284584491356,,0.0,0.03160142292245681,0.015800711461228405,0,quantile objective (alpha=0.05/0.95),,,,,,,,,,9163.0,,
intermittent,SKU-C3087,expanding,6,lgbm_quantile,ml,703,2025-12-04,2025-12-17,14,2.601373399957083,,0.857438352897535,2.2963191723823515,100.0344745047124,1.269738497056775,,11995926.965499068,57.09123731356731,12.0,0.8571428571428571,False,0.8571428571428571,0.3910112961188993,45.61798454720492,0.042857142857142864,0.6605690395259785,0.35171309119156063,0,quantile objective (alpha=0.05/0.95),,,,,,,,,,9359.0,,
intermittent,SKU-C3087,expanding,7,lgbm_quantile,ml,717,2025-12-18,2025-12-31,14,2.702588999993168,,1.0417815990391208,2.079158475723875,145.84942386547692,1.5345745546011946,,3440215929.036652,99.08588567987069,10.0,0.7142857142857143,False,0.8571428571428571,1.0919147329628276,152.86806261479586,0.03571428571428571,0.6542618774974434,0.3449880816058645,0,quantile objective (alpha=0.05/0.95),,,,,,,,,,9555.0,,
intermittent,SKU-C3087,expanding,0,lgbm_conformal,ml,619,2025-09-11,2025-09-24,14,1.5948210000060499,,0.9511444280937924,2.1661383558047063,121.0547453937554,1.392584665055983,,1784763895.8590746,113.03805540881658,11.0,0.7857142857142857,False,0.7857142857142857,1.081187579401034,137.60569192376795,0.06255499320195033,0.6572096124137424,0.3598823028078464,0,"split conformal (per-horizon, refit each fold)",,,,,,,,,,8183.0,0.9039854402938954,1.0209557347330591
intermittent,SKU-C3087,expanding,1,lgbm_conformal,ml,633,2025-09-25,2025-10-08,14,1.586881999974139,,0.9836881128303311,1.2078430618595601,275.43267159249274,1.412359538146301,,7599955140.203312,184.05050963906422,5.0,0.35714285714285715,False,0.42857142857142855,1.519614665539118,425.49210635095307,0.2775256459766992,0.16808822017454617,0.2228069330756227,0,"split conformal (per-horizon, refit each fold)",,,,,,,,,,8379.0,1.3427179355555627,0.780117650201686
intermittent,SKU-C3087,expanding,2,lgbm_conformal,ml,647,2025-10-09,2025-10-22,14,1.6203181999735534,,0.6714701419620768,1.4838318610434653,85.45983624971886,0.9549797574571759,,1263796280.8274727,109.31500085605525,11.0,0.7857142857142857,False,0.8571428571428571,2.237636516395576,284.7901020867097,0.03383554251570227,0.3608273153229348,0.19733142891931854,0,"split conformal (per-horizon, refit each fold)",,,,,,,,,,8575.0,1.8545865328462026,2.4572231374632074
intermittent,SKU-C3087,expanding,3,lgbm_conformal,ml,661,2025-10-23,2025-11-05,14,1.6239549000747502,,0.6638587304017968,0.9114308327268209,929.4022225625154,0.9417865719799893,,6447445545.022615,173.63523574093435,1.0,0.07142857142857142,False,0.9285714285714286,2.973662597381929,4163.127636334701,0.02583791050138145,0.1462836213992445,0.08606076595031298,0,"split conformal (per-horizon, refit each fold)",,,,,,,,,,8771.0,2.0723512367334695,2.2471466493923127
intermittent,SKU-C3087,expanding,4,lgbm_conformal,ml,675,2025-11-06,2025-11-19,14,1.5959940999746323,,1.0639718072102846,1.7119416744202545,1489.5605300943985,1.5219125636326984,,10197836057.006325,103.37490153763824,1.0,0.07142857142857142,False,0.7857142857142857,2.9589873477134456,4142.582286798824,0.19881922644105593,0.154654138702119,0.17673668257158748,0,"split conformal (per-horizon, refit each fold)",,,,,,,,,,8967.0,2.311660418715638,2.189261230326472
intermittent,SKU-C3087,expanding,5,lgbm_conformal,ml,689,2025-11-20,2025-12-03,14,1.6272244999418035,,0.6457938989277364,0.842176564315481,100.0,0.937088168231311,,6457938989.277365,199.99999457285284,0.0,0.0,True,0.9285714285714286,3.1001452497837927,,0.0009972299535987263,0.15505974827622127,0.07802848911490999,0,"split conformal (per-horizon, refit each fold)",,,,,,,,,,9163.0,2.517523967634767,2.3931018212817445
intermittent,SKU-C3087,expanding,6,lgbm_conformal,ml,703,2025-12-04,2025-12-17,14,1.5937859000405297,,0.8832707758827993,2.2972089161944105,103.0482571863266,1.3079924681158048,,269720239.26616985,99.95181981035802,12.0,0.8571428571428571,False,0.8571428571428571,1.9151499334361137,223.43415890087996,0.042857142857142864,0.6456840146622617,0.34427057875970224,0,"split conformal (per-horizon, refit each fold)",,,,,,,,,,9359.0,1.9439500800617966,2.0190164226357394
intermittent,SKU-C3087,expanding,7,lgbm_conformal,ml,717,2025-12-18,2025-12-31,14,1.7091174999950454,,1.312763013099554,2.265549102599274,183.78682183393758,1.9337380483416668,,7001066401.817115,178.85890831144295,10.0,0.7142857142857143,False,0.7857142857142857,3.0314228168928836,424.39919436500367,0.19859080072586474,0.4039605707259596,0.3012756857259122,0,"split conformal (per-horizon, refit each fold)",,,,,,,,,,9555.0,2.3549428094199536,2.392011596245205
intermittent,SKU-C3087,rolling,0,seasonal_naive,baseline,365,2025-09-11,2025-09-24,14,0.00043919996824115515,,0.7857142857142857,2.1547290184283368,100.0,1.0495735607675907,,14.285714257653062,28.571428515306124,11.0,0.7857142857142857,False,0.9285714285714286,4.0,509.09090909090907,0.03928571428571429,0.3750000000000001,0.2071428571428572,0,conformal(in-sample seasonal-naive residuals),,,,,,,,,,,,
intermittent,SKU-C3087,rolling,1,seasonal_naive,baseline,365,2025-09-25,2025-10-08,14,0.00034819997381418943,,0.9285714285714286,1.7928429140015905,260.0,1.183019827147941,,5714285728.571428,57.14285695238095,5.0,0.35714285714285715,False,1.0,4.571428571428571,1280.0,0.017857142857142856,0.2107142857142859,0.11428571428571438,0,conformal(in-sample seasonal-naive residuals),,,,,,,,,,,,
intermittent,SKU-C3087,rolling,2,seasonal_naive,baseline,365,2025-10-09,2025-10-22,14,0.00032670004293322563,,0.7857142857142857,1.7525491637693282,100.0,1.0417989417989417,,21.428571366666667,42.85714273333333,11.0,0.7857142857142857,False,0.9285714285714286,4.0,509.09090909090907,0.03928571428571429,0.23214285714285726,0.1357142857142858,0,conformal(in-sample seasonal-naive residuals),,,,,,,,,,,,
intermittent,SKU-C3087,rolling,3,seasonal_naive,baseline,365,2025-10-23,2025-11-05,14,0.00035119999665766954,,0.7857142857142857,1.9086270308410553,1100.0,1.0456718003186405,,7142857150.0,42.85714265714286,1.0,0.07142857142857142,False,0.8571428571428571,4.571428571428571,6400.0,0.1392857142857143,0.23214285714285735,0.18571428571428583,0,conformal(in-sample seasonal-naive residuals),,,,,,,,,,,,
intermittent,SKU-C3087,rolling,4,seasonal_naive,baseline,365,2025-11-06,2025-11-19,14,0.00034600007347762585,,0.21428571428571427,0.4629100498862757,300.0,0.2984991662034463,,1428571435.7142856,42.857142428571436,1.0,0.07142857142857142,False,1.0,3.442857142857154,4820.000000000016,0.0035714285714285718,0.1685714285714293,0.08607142857142892,0,conformal(in-sample seasonal-naive residuals),,,,,,,,,,,,
intermittent,SKU-C3087,rolling,5,seasonal_naive,baseline,365,2025-11-20,2025-12-03,14,0.00032600003760308027,,0.0,0.0,0.0,0.0,,0.0,0.0,0.0,0.0,True,1.0,3.0,,0.0,0.15000000000000013,0.07500000000000007,0,conformal(in-sample seasonal-naive residuals),,,,,,,,,,,,
intermittent,SKU-C3087,rolling,6,seasonal_naive,baseline,365,2025-12-04,2025-12-17,14,0.00030890002381056547,,0.8571428571428571,2.29906813420444,100.0,1.3638095238095236,,14.285714261224491,28.571428522448983,12.0,0.8571428571428571,False,0.8571428571428571,3.0,350.0,0.042857142857142864,0.5357142857142858,0.2892857142857143,0,conformal(in-sample seasonal-naive residuals),,,,,,,,,,,,
intermittent,SKU-C3087,rolling,7,seasonal_naive,baseline,365,2025-12-18,2025-12-31,14,0.000331499963067472,,1.4285714285714286,2.7774602993176543,200.0,2.2831632653061225,,12142857150.0,57.14285701768708,10.0,0.7142857142857143,False,0.7857142857142857,3.857142857142857,540.0,0.5642857142857143,0.20000000000000023,0.38214285714285723,0,conformal(in-sample seasonal-naive residuals),,,,,,,,,,,,
intermittent,SKU-C3087,rolling,0,sarima,classical,365,2025-09-11,2025-09-24,14,5.613801800063811,,0.8384661568368407,2.14067968289019,106.713874506507,1.1200406124910036,,578733690.6006157,99.71030399094242,11.0,0.7857142857142857,False,0.8571428571428571,2.4172821286878405,307.6540891057252,0.03928571428571429,0.5189763941777085,0.27913105423171136,0,analytic (state-space),"(1, 0, 2)","(1, 0, 1, 7)",1311.3587191687607,1334.591425905613,0.8571442809986368,True,,,,,,
intermittent,SKU-C3087,rolling,1,sarima,classical,365,2025-09-25,2025-10-08,14,4.932184199918993,,0.48531596536932115,0.9335823338014553,135.88847030340992,0.6183029024989928,,1463973003.3736553,154.9034088888136,5.0,0.35714285714285715,False,0.9285714285714286,2.58739549280606,724.4707379856967,0.017857142857142856,0.13136218536697572,0.07460966411205928,0,analytic (state-space),"(1, 0, 2)","(1, 0, 1, 7)",1336.5255815506168,1359.7582882874694,0.35128672009417816,True,,,,,,
intermittent,SKU-C3087,rolling,2,sarima,classical,365,2025-10-09,2025-10-22,14,5.852200699970126,,0.7918973976176668,1.6320261536117329,100.78694151497578,1.0499972901745358,,636319546.56158,108.62549393259148,11.0,0.7857142857142857,False,0.7857142857142857,2.3731854554734,302.0417852420691,0.03928571428571429,0.31007420816197534,0.17467996122384483,0,analytic (state-space),"(1, 0, 1)","(1, 0, 1, 7)",1293.9363117837925,1313.3109654380526,0.3787642008257307,True,,,,,,
intermittent,SKU-C3087,rolling,3,sarima,classical,365,2025-10-23,2025-11-05,14,4.625942899961956,,0.17896029327067478,0.2832899811488575,250.54441057894468,0.23817020442714337,,1597162804.6446326,102.223986551561,1.0,0.07142857142857142,False,1.0,2.4741327253260588,3463.7858154564824,0.0035714285714285718,0.12013520769487449,0.06185331813315153,0,analytic (state-space),"(1, 0, 2)","(1, 0, 1, 7)",1292.6877624817753,1315.9204692186277,0.8097824378100736,True,,,,,,
intermittent,SKU-C3087,rolling,4,sarima,classical,365,2025-11-06,2025-11-19,14,3.669967000023462,,0.24198552446095012,0.28831454289368313,338.7797342453302,0.3370848939961873,,1845010209.3299847,195.33336747891053,1.0,0.07142857142857142,False,1.0,2.5140636773077185,3519.689148230806,0.0035714285714285718,0.12213175529395749,0.06285159193269303,0,analytic (state-space),"(2, 0, 2)","(0, 0, 1, 7)",1265.5361897250355,1288.7688964618878,0.37383649358721577,True,,,,,,
intermittent,SKU-C3087,rolling,5,sarima,classical,365,2025-11-20,2025-12-03,14,3.9996329999994487,,0.2049115653307381,0.20492873563249295,100.0,0.3134971811470266,,2049115653.307381,199.99999023809235,0.0,0.0,True,1.0,2.42993845079038,,0.0,0.12149692253951909,0.060748461269759545,0,analytic (state-space),"(2, 0, 2)","(0, 0, 1, 7)",1237.1385608303533,1260.371267567206,0.9734340750554846,True,,,,,,
intermittent,SKU-C3087,rolling,6,sarima,classical,365,2025-12-04,2025-12-17,14,3.444173500058241,,0.9733930456477637,2.243446762897273,113.56252199223911,1.5487764904084418,,1395332439.48985,198.44683843379326,12.0,0.8571428571428571,False,0.8571428571428571,2.3479087747769465,273.92269039064377,0.042857142857142864,0.5961496473384903,0.31950339509781656,0,analytic (state-space),"(2, 0, 2)","(0, 0, 1, 7)",1224.1622921240378,1247.3949988608902,0.9062170085244391,True,,,,,,
intermittent,SKU-C3087,rolling,7,sarima,classical,365,2025-12-18,2025-12-31,14,5.8548041000030935,,0.8768104776551647,1.972579818771617,122.75346687172306,1.4013310312524507,,1956590839.0215564,196.86858495530242,10.0,0.7142857142857143,False,0.8571428571428571,2.413028680341514,337.82401524781193,0.03571428571428571,0.45404437913240153,0.24487933242334362,0,analytic (state-space),"(1, 0, 2)","(1, 0, 1, 7)",1226.6303660005956,1249.863072737448,0.9217956794329734,True,,,,,,
intermittent,SKU-C3087,rolling,0,ets,classical,365,2025-09-11,2025-09-24,14,0.687798700062558,,0.8664097064278108,2.1157582449029575,110.27032627263047,1.1573681899296875,,966785458.8795553,198.79510551645424,11.0,0.7857142857142857,False,0.8571428571428571,2.6144866253246484,332.75284322313706,0.03928571428571429,0.5037662126879455,0.2715259634868299,0,analytic (state-space),,,1351.9645107179847,1371.4639974858972,0.3054212745254408,True,,Holt,,,,
intermittent,SKU-C3087,rolling,1,ets,classical,365,2025-09-25,2025-10-08,14,0.5475021000020206,,0.45251802102474975,0.9208439550157786,126.70504588692992,0.57651762109203,,1152502629.304608,196.8634202724567,5.0,0.35714285714285715,False,0.9285714285714286,2.7173871346238343,760.8683976946736,0.017857142857142856,0.13814170008367188,0.07799942147040737,0,analytic (state-space),,,1375.0655242836988,1394.5650110516112,0.2527786362847134,True,,Holt,,,,
intermittent,SKU-C3087,rolling,2,ets,classical,365,2025-10-09,2025-10-22,14,0.5632968000136316,,0.9995507019165464,1.619695750543408,127.21554388028773,1.3253301899486059,,2940250777.6031475,191.67315812751136,11.0,0.7857142857142857,False,0.7857142857142857,2.858092214100947,363.757190885575,0.03928571428571429,0.276884858707019,0.15808528649636666,0,analytic (state-space),,,1348.7090898244985,1372.1084739459934,0.29894750121842145,True,,Holt-damped,,,,
intermittent,SKU-C3087,rolling,3,ets,classical,365,2025-10-23,2025-11-05,14,0.6063142999773845,,0.4283670236374257,0.43052441319256285,599.713833092396,0.5700944032051984,,3866833236.4309587,191.60002968663684,1.0,0.07142857142857142,False,1.0,2.8860103644945867,4040.4145102924217,0.0035714285714285718,0.1407290896533009,0.07215025911236472,0,analytic (state-space),,,1338.4953351234929,1350.1950271842404,0.36086323231517903,True,,SES,,,,
intermittent,SKU-C3087,rolling,4,ets,classical,365,2025-11-06,2025-11-19,14,0.5912765000248328,,0.4025349921902496,0.40677360883711616,563.5489890663493,0.5607296778370013,,3586986229.301816,192.0385483137968,1.0,0.07142857142857142,False,1.0,2.7700776605456183,3878.108724763866,0.0035714285714285718,0.1349324544558525,0.06925194151364053,0,analytic (state-space),,,1312.683525312257,1324.3832173730045,0.49051933723997787,True,,SES,,,,
intermittent,SKU-C3087,rolling,5,ets,classical,365,2025-11-20,2025-12-03,14,0.43998679996002465,,0.3479365398216778,0.3479365398216779,100.0,0.5323131677613703,,3479365398.216778,199.99999425182548,0.0,0.0,True,1.0,2.567929302306831,,0.0,0.12839646511534167,0.06419823255767083,0,analytic (state-space),,,1260.7174568348064,1272.417148895554,0.8638007335230764,True,,SES,,,,
intermittent,SKU-C3087,rolling,6,ets,classical,365,2025-12-04,2025-12-17,14,0.5565790000837296,,1.0978373643392654,2.195813700248764,128.08102583958097,1.746781228593142,,2888334099.8173738,196.88378896544916,12.0,0.8571428571428571,False,0.8571428571428571,2.534713412967335,295.7165648461891,0.042857142857142864,0.5789194640864455,0.31088830347179414,0,analytic (state-space),,,1253.363528613169,1265.0632206739165,0.8388020427308815,True,,SES,,,,
intermittent,SKU-C3087,rolling,7,ets,classical,365,2025-12-18,2025-12-31,14,0.545139400055632,,0.9686790899994703,1.939307539061154,135.61507259992584,1.5481567599098676,,3052720521.639391,195.5847329380432,10.0,0.7142857142857143,False,0.8571428571428571,2.627129370795145,367.7981119113203,0.03571428571428571,0.4346236980390531,0.2351689918766694,0,analytic (state-space),,,1277.2935112859936,1288.9932033467412,0.9938983165771097,True,,SES,,,,
intermittent,SKU-C3087,rolling,0,prophet,gam,365,2025-09-11,2025-09-24,14,0.39607659995090216,,0.9839803540789626,2.130704023182443,125.2338632464134,1.3144215177621963,,2235026908.954195,126.49039999243921,11.0,0.7857142857142857,False,0.8571428571428571,2.5685436574239424,326.90555639941084,0.03928571428571429,0.5005338673137033,0.2699097907997088,0,native (Prophet MAP trend + observation noise),,,,,,,,,,,,
intermittent,SKU-C3087,rolling,1,prophet,gam,365,2025-09-25,2025-10-08,14,0.36562010005582124,,1.2354841253185593,1.2813904175262076,345.9355550891966,1.5740331560998015,,10966087832.065702,178.02531930746483,5.0,0.35714285714285715,False,1.0,3.7922913737660804,1061.8415846545024,0.017857142857142856,0.17175742583116133,0.09480728434415209,0,native (Prophet MAP trend + observation noise),,,,,,,,,,,,
intermittent,SKU-C3087,rolling,2,prophet,gam,365,2025-10-09,2025-10-22,14,0.37206680001690984,,0.7857142857142857,1.7525491637693282,100.0,1.0417989417989417,,21.428571366666667,42.85714273333333,11.0,0.7857142857142857,False,0.7857142857142857,0.39668740840502686,50.487488342457965,0.03928571428571429,0.6113538795686021,0.3253197969271582,0,native (Prophet MAP trend + observation noise),,,,,,,,,,,,
intermittent,SKU-C3087,rolling,3,prophet,gam,365,2025-10-23,2025-11-05,14,0.35426559997722507,,0.3781611874292924,0.46180886729540027,529.4256624010093,0.5032777141252293,,3141781190.41625,183.01721044962903,1.0,0.07142857142857142,False,1.0,2.75833937403425,3861.6751236479504,0.0035714285714285718,0.13434554013028405,0.0689584843508563,0,native (Prophet MAP trend + observation noise),,,,,,,,,,,,
intermittent,SKU-C3087,rolling,4,prophet,gam,365,2025-11-06,2025-11-19,14,0.34333639999385923,,0.7856373748647218,0.8496482531917522,1099.8923248106105,1.0943898062317914,,7812954253.000066,186.1356707017397,1.0,0.07142857142857142,False,1.0,3.128689399116127,4380.165158762577,0.0035714285714285718,0.1528630413843779,0.07821723497790323,0,native (Prophet MAP trend + observation noise),,,,,,,,,,,,
intermittent,SKU-C3087,rolling,5,prophet,gam,365,2025-11-20,2025-12-03,14,0.352710000006482,,0.3555461681552882,0.385128477033072,100.0,0.5439552487162101,,3555461681.5528817,199.99999318691997,0.0,0.0,True,1.0,2.5249794860401917,,0.0,0.12624897430200974,0.06312448715100487,0,native (Prophet MAP trend + observation noise),,,,,,,,,,,,
intermittent,SKU-C3087,rolling,6,prophet,gam,365,2025-12-04,2025-12-17,14,0.35111270006746054,,1.1397359532572637,2.096662506982814,132.96919454668077,1.8134465389604462,,3747077154.3334064,194.4656050399797,12.0,0.8571428571428571,False,0.8571428571428571,2.5729677109057483,300.1795662723373,0.042857142857142864,0.553897360516712,0.2983772516869274,0,native (Prophet MAP trend + observation noise),,,,,,,,,,,,
intermittent,SKU-C3087,rolling,7,prophet,gam,365,2025-12-18,2025-12-31,14,0.3363545999163762,,1.5183383076435126,1.9337509369074886,212.56736307009177,2.426629973823114,,9746938396.717722,187.8121448703542,10.0,0.7142857142857143,False,0.9285714285714286,3.3249231612024963,465.4892425683495,0.03571428571428571,0.3920447149770062,0.21387950034564596,0,native (Prophet MAP trend + observation noise),,,,,,,,,,,,
intermittent,SKU-C3087,rolling,0,sktime_theta,gam,365,2025-09-11,2025-09-24,14,0.07082269992679358,,0.9704891487199921,2.0957879577864813,123.5168007461808,1.2963996837379,,2105811528.7559245,127.16915538681069,11.0,0.7857142857142857,False,0.8571428571428571,2.69610449275934,343.14057180573417,0.03928571428571429,0.5069831173980045,0.2731344158418594,0,sktime predict_interval / predict_quantiles,,,,,,,,,7.0,,,
intermittent,SKU-C3087,rolling,1,sktime_theta,gam,365,2025-09-25,2025-10-08,14,0.06739599991124123,,0.48315825210430685,0.8380119407603872,135.28431058920592,0.6155539297271952,,1997028605.934031,104.24376477477915,5.0,0.35714285714285715,False,1.0,2.826580250025708,791.4424700071982,0.017857142857142856,0.12347186964414265,0.07066450625064276,0,sktime predict_interval / predict_quantiles,,,,,,,,,7.0,,,
intermittent,SKU-C3087,rolling,2,sktime_theta,gam,365,2025-10-09,2025-10-22,14,0.0691765999654308,,0.9723373495097704,1.7672052663703095,123.75202630124352,1.289247300461103,,1929733365.57872,142.0348056871942,11.0,0.7857142857142857,False,0.7857142857142857,2.6566166651109993,338.11484828685445,0.03928571428571429,0.3500832600956472,0.19468448719068077,0,sktime predict_interval / predict_quantiles,,,,,,,,,7.0,,,
intermittent,SKU-C3087,rolling,3,sktime_theta,gam,365,2025-10-23,2025-11-05,14,0.06410580000374466,,0.32748321568848654,0.4264915977134303,458.47650196388116,0.43583268110214934,,2563078891.9899125,199.8990255210956,1.0,0.07142857142857142,False,1.0,2.7040263075997912,3785.636830639708,0.0035714285714285718,0.1316298868085611,0.06760065768999483,0,sktime predict_interval / predict_quantiles,,,,,,,,,7.0,,,
intermittent,SKU-C3087,rolling,4,sktime_theta,gam,365,2025-11-06,2025-11-19,14,0.0659928999375552,,0.23622910980303743,0.288782418364252,330.7207537242524,0.32906623077621555,,2030099255.2300959,190.04268866593748,1.0,0.07142857142857142,False,1.0,2.611626509009238,3656.2771126129333,0.0035714285714285718,0.12700989687903347,0.06529066272523101,0,sktime predict_interval / predict_quantiles,,,,,,,,,7.0,,,
intermittent,SKU-C3087,rolling,5,sktime_theta,gam,365,2025-11-20,2025-12-03,14,0.06456209998577833,,0.24959860263660527,0.28690949987800923,100.0,0.38186452882010546,,2495986026.3660526,199.99998775291118,0.0,0.0,True,1.0,2.460557009256873,,0.0,0.12302785046284374,0.06151392523142187,0,sktime predict_interval / predict_quantiles,,,,,,,,,7.0,,,
intermittent,SKU-C3087,rolling,6,sktime_theta,gam,365,2025-12-04,2025-12-17,14,0.06211179995443672,,0.9713632511232307,2.2029228998027244,113.32571263104359,1.5455468617871848,,1532579272.5124726,197.53434896617281,12.0,0.8571428571428571,False,0.8571428571428571,2.3832560890986203,278.04654372817237,0.042857142857142864,0.5814166109332299,0.3121368768951864,0,sktime predict_interval / predict_quantiles,,,,,,,,,7.0,,,
intermittent,SKU-C3087,rolling,7,sktime_theta,gam,365,2025-12-18,2025-12-31,14,0.0678378000156954,,0.901706507536059,1.9440318696854328,126.23891105504825,1.4411202218656656,,2314594730.4712725,196.23506411136805,10.0,0.7142857142857143,False,0.8571428571428571,2.5395643195576736,355.5390047380743,0.03571428571428571,0.43807294188418744,0.23689361379923657,0,sktime predict_interval / predict_quantiles,,,,,,,,,7.0,,,
intermittent,SKU-C3087,rolling,0,lgbm_quantile,ml,365,2025-09-11,2025-09-24,14,2.3600986000383273,,0.7860704936212889,2.154729312361026,100.04533555180039,1.0500493907329158,,3562093.355745663,57.14265740966944,11.0,0.7857142857142857,False,0.8571428571428571,0.011993038758674301,1.526386751104002,0.03928571428571429,0.7470282233665052,0.39315696882610973,0,quantile objective (alpha=0.05/0.95),,,,,,,,,,4627.0,,
intermittent,SKU-C3087,rolling,1,lgbm_quantile,ml,365,2025-09-25,2025-10-08,14,2.205076500074938,,0.6910426367011774,1.0730130218880098,193.49193827632968,0.8804030745160908,,3621868669.5125484,196.5682241491798,5.0,0.35714285714285715,False,0.07142857142857142,3.6258724837734184,1015.2442954565572,0.025589698506162443,0.2284662614225743,0.12702797996436838,0,quantile objective (alpha=0.05/0.95),,,,,,,,,,4627.0,,
intermittent,SKU-C3087,rolling,2,lgbm_quantile,ml,365,2025-10-09,2025-10-22,14,2.1621877000434324,,0.9891926911360441,1.7046936107652402,125.89725159913287,1.3115962349137178,,2384651920.551359,167.82063597392437,11.0,0.7857142857142857,False,0.7857142857142857,1.4310413387802239,182.13253402657395,0.03928571428571429,0.5936199147196562,0.31645281450268525,0,quantile objective (alpha=0.05/0.95),,,,,,,,,,4627.0,,
intermittent,SKU-C3087,rolling,3,lgbm_quantile,ml,365,2025-10-23,2025-11-05,14,2.151793700060807,,0.24282145148707832,0.40355251349598065,339.9500320819096,0.32316014733224546,,2012164495.7056782,191.58429898298024,1.0,0.07142857142857142,False,0.07142857142857142,0.9989660589295344,1398.552482501348,0.02099222752119882,0.04737123391776486,0.03418173071948184,0,quantile objective (alpha=0.05/0.95),,,,,,,,,,4627.0,,
intermittent,SKU-C3087,rolling,4,lgbm_quantile,ml,365,2025-11-06,2025-11-19,14,2.239161100005731,,0.12348343542246558,0.2783491639789676,172.87680959145183,0.17201194506320105,,829517507.0107309,48.51579171780526,1.0,0.07142857142857142,False,0.9285714285714286,0.2413742012213021,337.9238817098229,0.0035714285714285718,0.04902896661634588,0.026300197593887225,0,quantile objective (alpha=0.05/0.95),,,,,,,,,,4627.0,,
intermittent,SKU-C3087,rolling,5,lgbm_quantile,ml,365,2025-11-20,2025-12-03,14,2.2193527000490576,,0.31007812513855976,1.0374884111983051,100.0,0.4743930290581384,,3100781251.385598,157.14160985191668,0.0,0.0,True,1.0,0.403919268149881,,0.0,0.020195963407494067,0.010097981703747034,0,quantile objective (alpha=0.05/0.95),,,,,,,,,,4627.0,,
intermittent,SKU-C3087,rolling,6,lgbm_quantile,ml,365,2025-12-04,2025-12-17,14,2.2245871999766678,,0.8571428571428571,2.29906813420444,100.0,1.3638095238095236,,14.285714261224491,28.571428522448983,12.0,0.8571428571428571,False,0.8571428571428571,0.17446497345853768,20.354246903496062,0.042857142857142864,0.7349667114298872,0.388911927143515,0,quantile objective (alpha=0.05/0.95),,,,,,,,,,4627.0,,
intermittent,SKU-C3087,rolling,7,lgbm_quantile,ml,365,2025-12-18,2025-12-31,14,2.3056915000779554,,0.7106426686579016,1.997625329692168,99.48997361210623,1.135759265087182,,74164271.3554381,42.238847627922496,10.0,0.7142857142857143,False,0.8571428571428571,1.5495042328093491,216.9305925933089,0.03571428571428571,0.4912399061799343,0.26347709594711,0,quantile objective (alpha=0.05/0.95),,,,,,,,,,4627.0,,
intermittent,SKU-C3087,rolling,0,lgbm_conformal,ml,365,2025-09-11,2025-09-24,14,1.5250712000997737,,0.975305791404579,2.104333762139144,124.1298279969464,1.302833855682236,,2361626367.089838,138.85273870746028,11.0,0.7857142857142857,False,0.8571428571428571,2.4018219648956167,305.68643189580575,0.03928571428571429,0.5201922539256411,0.27973898410567766,0,"split conformal (per-horizon, refit each fold)",,,,,,,,,,4627.0,2.2041187343751547,2.1154237543003664
intermittent,SKU-C3087,rolling,1,lgbm_conformal,ml,365,2025-09-25,2025-10-08,14,1.7995368000119925,,1.059076006225028,1.1907956335124925,296.5412817430078,1.3492854456532386,,8526214624.991317,184.1209051872284,5.0,0.35714285714285715,False,0.9285714285714286,2.9842227489346693,835.5823697017074,0.05009387897152674,0.13305066491140044,0.09157227194146358,0,"split conformal (per-horizon, refit each fold)",,,,,,,,,,4627.0,2.046577982928962,2.068911050772952
intermittent,SKU-C3087,rolling,2,lgbm_conformal,ml,365,2025-10-09,2025-10-22,14,1.66284949996043,,0.9015424692828707,1.7160094887121933,114.74176881781992,1.1953785333454359,,1718207358.3686357,108.36667387973122,11.0,0.7857142857142857,False,0.7857142857142857,2.259066233858303,287.517520672875,0.03928571428571429,0.3697529625806574,0.20451933843318584,0,"split conformal (per-horizon, refit each fold)",,,,,,,,,,4627.0,2.0543331375047673,1.8906794329404117
intermittent,SKU-C3087,rolling,3,lgbm_conformal,ml,365,2025-10-23,2025-11-05,14,1.6616958000231534,,0.4721646533657435,0.6956639906394538,661.0305147120408,0.6283826985313612,,4007360826.514577,157.14285147892207,1.0,0.07142857142857142,False,1.0,3.001620034559312,4202.268048383037,0.0035714285714285718,0.14650957315653715,0.07504050086398285,0,"split conformal (per-horizon, refit each fold)",,,,,,,,,,4627.0,2.6385290198719766,2.7390214651398432
intermittent,SKU-C3087,rolling,4,lgbm_conformal,ml,365,2025-11-06,2025-11-19,14,1.5769854999380186,,0.37060693214427015,0.6349716094016248,518.8497050019782,0.5162540144266486,,3632078143.742528,129.35175001480837,1.0,0.07142857142857142,False,1.0,2.9464769387588086,4125.067714262333,0.0035714285714285718,0.14375241836651198,0.07366192346897027,0,"split conformal (per-horizon, refit each fold)",,,,,,,,,,4627.0,2.563142633062759,2.6082196871867738
intermittent,SKU-C3087,rolling,5,lgbm_conformal,ml,365,2025-11-20,2025-12-03,14,1.8785121999680996,,0.5129682015576449,0.6494395184361471,100.0,0.784797504947166,,5129682015.5764475,185.71428068426638,0.0,0.0,True,1.0,2.3600998819774626,,0.0,0.11800499409887323,0.059002497049436615,0,"split conformal (per-horizon, refit each fold)",,,,,,,,,,4627.0,1.8915772075474315,1.6360859074785068
intermittent,SKU-C3087,rolling,6,lgbm_conformal,ml,365,2025-12-04,2025-12-17,14,1.5687473999569193,,1.0205961892018083,2.057423701202257,119.06955540687763,1.6238819365966548,,2588328330.7491007,180.3579023725906,12.0,0.8571428571428571,False,0.8571428571428571,2.1107109235459394,246.2496077470263,0.042857142857142864,0.5622908758109424,0.3025740093340426,0,"split conformal (per-horizon, refit each fold)",,,,,,,,,,4627.0,1.8728922444072502,1.484043239083754
intermittent,SKU-C3087,rolling,7,lgbm_conformal,ml,365,2025-12-18,2025-12-31,14,1.4193428999278694,,0.7442216423691743,1.9752894680827708,104.19102993168441,1.1894256605721625,,487833991.6648171,84.67638259188591,10.0,0.7142857142857143,False,0.8571428571428571,1.8648645434206899,261.08103607889655,0.03571428571428571,0.498738631976165,0.2672264588452254,0,"split conformal (per-horizon, refit each fold)",,,,,,,,,,4627.0,2.024303865449521,1.7054199256814984
intermittent,SKU-A1102,expanding,0,lgbm_global,ml,619,2025-09-11,2025-09-24,14,,,0.5049599448967045,1.1074186006034663,141.38878457107725,1.0475779195823158,,1529905701.3882923,198.97589065532108,5.0,0.35714285714285715,False,0.7142857142857143,0.4515025428281512,126.42071199188234,0.03816391425100556,0.31279698903709957,0.17548045164405257,0,split conformal on pooled train residuals,,,,,,,,,,32732.0,,
intermittent,SKU-B2044,expanding,0,lgbm_global,ml,619,2025-09-11,2025-09-24,14,,,0.07624682841104403,0.16118245150969776,100.0,0.32404902074693714,,762468284.1104406,142.85705190858965,0.0,0.0,True,0.9285714285714286,0.360770712185695,,0.012574546641786671,0.018700353853589324,0.015637450247688,0,split conformal on pooled train residuals,,,,,,,,,,32732.0,,
intermittent,SKU-C3087,expanding,0,lgbm_global,ml,619,2025-09-11,2025-09-24,14,,,0.9104300867729836,2.1410142324204813,115.87292013474337,1.3329741940312583,,1402543638.375608,170.06437663832935,11.0,0.7857142857142857,False,0.7857142857142857,0.42005557797584453,53.46161901510749,0.08638501886228664,0.7094125508595838,0.3978987848609352,0,split conformal on pooled train residuals,,,,,,,,,,32732.0,,
intermittent,SKU-D4021,expanding,0,lgbm_global,ml,619,2025-09-11,2025-09-24,14,,,0.11565463455000193,0.19735827481234164,100.0,0.7078063634460118,,1156546345.500019,199.9999649202161,0.0,0.0,True,0.9285714285714286,0.40499592189885464,,0.02410411686622205,0.021518433824743916,0.02281127534548298,0,split conformal on pooled train residuals,,,,,,,,,,32732.0,,
intermittent,SKU-A1102,expanding,1,lgbm_global,ml,633,2025-09-25,2025-10-08,14,,,1.0558759012486063,2.0952895222340446,211.17518024972125,2.1671420137102544,,5618208679.793632,142.5214160390846,7.0,0.5,False,0.42857142857142855,0.46662091331549066,93.32418266309813,0.39061944488024636,0.48774136649564687,0.4391804056879466,0,split conformal on pooled train residuals,,,,,,,,,,33516.0,,
intermittent,SKU-B2044,expanding,1,lgbm_global,ml,633,2025-09-25,2025-10-08,14,,,0.9692471095846414,2.1304987342478263,169.61824417731225,4.0449912706665705,,4214101532.8836927,184.58146622120395,8.0,0.5714285714285714,False,0.42857142857142855,0.5828578491395199,102.00012359941599,0.21508763765540628,0.5343372216269116,0.3747124296411589,0,split conformal on pooled train residuals,,,,,,,,,,33516.0,,
intermittent,SKU-C3087,expanding,1,lgbm_global,ml,633,2025-09-25,2025-10-08,14,,,0.8466759205311056,1.2841856999981098,237.06925774870956,1.2156401978267708,,6065700040.216227,172.84783329742407,5.0,0.35714285714285715,False,0.2857142857142857,0.5587496484008102,156.44990155222683,0.39538007016657467,0.2303262701566017,0.3128531701615882,0,split conformal on pooled train residuals,,,,,,,,,,33516.0,,
intermittent,SKU-D4021,expanding,1,lgbm_global,ml,633,2025-09-25,2025-10-08,14,,,0.027737005908609908,0.062202113145229776,100.0,0.17363365698789804,,277370059.086099,85.71423593506505,0.0,0.0,True,1.0,0.3491124598842882,,0.0,0.017455622994214423,0.008727811497107212,0,split conformal on pooled train residuals,,,,,,,,,,33516.0,,
intermittent,SKU-A1102,expanding,2,lgbm_global,ml,647,2025-10-09,2025-10-22,14,,,1.1325675039929408,2.213461117155929,144.14495505364698,2.2865716168942654,,3582162321.181978,199.09434870759966,11.0,0.7857142857142857,False,0.5714285714285714,0.5507056831569005,70.08981421996916,0.19922345954129334,0.7210926247424913,0.46015804214189227,0,split conformal on pooled train residuals,,,,,,,,,,34300.0,,
intermittent,SKU-B2044,expanding,2,lgbm_global,ml,647,2025-10-09,2025-10-22,14,,,0.18810527102775085,0.32862206736708127,100.0,0.7252251413118105,,1881052710.2775085,142.8571174310914,0.0,0.0,True,0.8571428571428571,0.462690062800929,,0.06159788869402351,0.026376497281837184,0.04398719298793034,0,split conformal on pooled train residuals,,,,,,,,,,34300.0,,
intermittent,SKU-C3087,expanding,2,lgbm_global,ml,647,2025-10-09,2025-10-22,14,,,0.8379199216096248,1.540177756118287,106.6443536594068,1.1917083329559108,,2609998134.738512,154.40320047981285,11.0,0.7857142857142857,False,0.42857142857142855,0.5778311404886302,73.54214515309837,0.10866225925602316,0.5035887932980839,0.30612552627705353,0,split conformal on pooled train residuals,,,,,,,,,,34300.0,,
intermittent,SKU-D4021,expanding,2,lgbm_global,ml,647,2025-10-09,2025-10-22,14,,,0.04786562175254087,0.09997550127504129,100.0,0.30633997921626155,,478656217.5254086,85.71422167388671,0.0,0.0,True,1.0,0.3786989068021871,,0.0,0.018934945340109373,0.009467472670054686,0,split conformal on pooled train residuals,,,,,,,,,,34300.0,,
intermittent,SKU-A1102,expanding,3,lgbm_global,ml,661,2025-10-23,2025-11-05,14,,,0.8051863179116024,1.2573930035958365,281.81521126906085,1.6054629631530124,,5571535759.078522,168.0994712141641,4.0,0.2857142857142857,False,0.5,0.5696839804647996,199.38939316267988,0.34042736579466065,0.2560508583798008,0.29823911208723075,0,split conformal on pooled train residuals,,,,,,,,,,35084.0,,
intermittent,SKU-B2044,expanding,3,lgbm_global,ml,661,2025-10-23,2025-11-05,14,,,0.24294574945640135,0.3862990381203362,100.0,0.957147711713774,,2429457494.5640135,157.14280352181066,0.0,0.0,True,0.7142857142857143,0.4836524272329515,,0.08494195289041609,0.028653250461143188,0.05679760167577964,0,split conformal on pooled train residuals,,,,,,,,,,35084.0,,
intermittent,SKU-C3087,expanding,3,lgbm_global,ml,661,2025-10-23,2025-11-05,14,,,0.6324569734373328,0.7888175859561193,885.4397628122658,0.8972383093883202,,6300135005.79597,185.96288106089176,1.0,0.07142857142857142,False,0.2857142857142857,0.653685090317772,915.1591264448809,0.3217280601226526,0.04822225856736406,0.18497515934500833,0,split conformal on pooled train residuals,,,,,,,,,,35084.0,,
intermittent,SKU-D4021,expanding,3,lgbm_global,ml,661,2025-10-23,2025-11-05,14,,,0.014537690696609434,0.02870786146972548,100.0,0.09507649715582571,,145376906.96609434,99.99983842712138,0.0,0.0,True,1.0,0.3298815940394301,,0.0,0.016494079701971524,0.008247039850985762,0,split conformal on pooled train residuals,,,,,,,,,,35084.0,,
intermittent,SKU-A1102,expanding,4,lgbm_global,ml,675,2025-11-06,2025-11-19,14,,,0.9626622130138013,1.5350896561627723,336.93177455483044,1.9138641615869623,,6961987266.915599,112.4821521641857,4.0,0.2857142857142857,False,0.5714285714285714,0.43554425818899006,152.44049036614652,0.5382837884880081,0.2778920905349593,0.4080879395114837,0,split conformal on pooled train residuals,,,,,,,,,,35868.0,,
intermittent,SKU-B2044,expanding,4,lgbm_global,ml,675,2025-11-06,2025-11-19,14,,,0.36490283488920044,1.273038426892179,102.17279376897612,1.4684041789517224,,249830988.6325941,98.68549947973034,5.0,0.35714285714285715,False,0.9285714285714286,0.36215084015846494,101.40223524437017,0.017857142857142856,0.31652839476873773,0.1671927688129403,0,split conformal on pooled train residuals,,,,,,,,,,35868.0,,
intermittent,SKU-C3087,expanding,4,lgbm_global,ml,675,2025-11-06,2025-11-19,14,,,0.6226274091574246,0.9799702199543587,871.6783728203944,0.8906105124564447,,6193475511.761718,143.19281875325026,1.0,0.07142857142857142,False,0.6428571428571429,0.46769765464280333,654.7767164999246,0.42134679333003017,0.0441441034809905,0.23274544840551034,0,split conformal on pooled train residuals,,,,,,,,,,35868.0,,
intermittent,SKU-D4021,expanding,4,lgbm_global,ml,675,2025-11-06,2025-11-19,14,,,0.305137951226309,1.0614744929855078,106.79828292920814,2.038321514191744,,220285410.3871685,99.74162259562415,4.0,0.2857142857142857,False,0.9285714285714286,0.3462570340248717,121.1899619087051,0.014285714285714287,0.2624948072230718,0.13839026075439304,0,split conformal on pooled train residuals,,,,,,,,,,35868.0,,
intermittent,SKU-A1102,expanding,5,lgbm_global,ml,689,2025-11-20,2025-12-03,14,,,0.1695280419695703,0.48987984054579753,118.6696293786992,0.33223599029668666,,394874670.5375868,169.07623512746562,2.0,0.14285714285714285,False,0.9285714285714286,0.40353922633235007,282.47745843264505,0.0071428571428571435,0.1178258629261091,0.06248436003448312,0,split conformal on pooled train residuals,,,,,,,,,,36652.0,,
intermittent,SKU-B2044,expanding,5,lgbm_global,ml,689,2025-11-20,2025-12-03,14,,,0.14568340840872898,0.5345855839446408,101.97838588611027,0.5645232075838248,,28262662.658718113,71.42780141280454,2.0,0.14285714285714285,False,0.9285714285714286,0.3217444248420994,225.22109738946963,0.0071428571428571435,0.1313220576735062,0.06923245740818167,0,split conformal on pooled train residuals,,,,,,,,,,36652.0,,
intermittent,SKU-C3087,expanding,5,lgbm_global,ml,689,2025-11-20,2025-12-03,14,,,0.15024043451313346,0.3400702156302707,100.0,0.21800846029352555,,1502404345.1313348,99.99997381924643,0.0,0.0,True,0.8571428571428571,0.42522369378537245,,0.05844360723640551,0.02433716401750052,0.04139038562695301,0,split conformal on pooled train residuals,,,,,,,,,,36652.0,,
intermittent,SKU-D4021,expanding,5,lgbm_global,ml,689,2025-11-20,2025-12-03,14,,,0.016403584957679965,0.023483480320847166,100.0,0.1035856013068309,,164035849.5767996,128.57134981788062,0.0,0.0,True,1.0,0.36125345179063234,,0.0,0.01806267258953163,0.009031336294765815,0,split conformal on pooled train residuals,,,,,,,,,,36652.0,,
intermittent,SKU-A1102,expanding,6,lgbm_global,ml,703,2025-12-04,2025-12-17,14,,,0.3048346595688954,0.44165261751382495,100.0,0.6027412586930431,,3048346595.688954,199.99997275886793,0.0,0.0,True,0.6428571428571429,0.5412550641757765,,0.09567686574377468,0.03209837772161911,0.0638876217326969,0,split conformal on pooled train residuals,,,,,,,,,,37436.0,,
intermittent,SKU-B2044,expanding,6,lgbm_global,ml,703,2025-12-04,2025-12-17,14,,,0.8000234962894608,1.7531199804895594,124.44809942280502,3.1281817607722737,,1866387604.1486726,196.7245745778657,9.0,0.6428571428571429,False,0.7857142857142857,0.5377444468270295,83.64913617309348,0.04606222816241786,0.5607422409256029,0.3034022345440104,0,split conformal on pooled train residuals,,,,,,,,,,37436.0,,
intermittent,SKU-C3087,expanding,6,lgbm_global,ml,703,2025-12-04,2025-12-17,14,,,0.9180974374006103,2.2180626213250445,107.11136769673789,1.3595655668740951,,891066685.9338307,169.90556179532146,12.0,0.8571428571428571,False,0.8571428571428571,0.4471150146136801,52.163418371596016,0.04265358456286295,0.7613298772916679,0.4019917309272654,0,split conformal on pooled train residuals,,,,,,,,,,37436.0,,
intermittent,SKU-D4021,expanding,6,lgbm_global,ml,703,2025-12-04,2025-12-17,14,,,0.1751917193058064,0.19406695842639612,100.0,1.1290133021929745,,1751917193.0580637,199.9999859554032,0.0,0.0,True,0.9285714285714286,0.5076622289310739,,0.004429265976307747,0.02561623070846465,0.015022748342386198,0,split conformal on pooled train residuals,,,,,,,,,,37436.0,,
intermittent,SKU-A1102,expanding,7,lgbm_global,ml,717,2025-12-18,2025-12-31,14,,,0.08686345174929411,0.17329322819228093,100.0,0.17520753051704208,,868634517.4929408,71.4285674619982,0.0,0.0,True,0.9285714285714286,0.4120518164170996,,0.013029854410083114,0.021288372631912005,0.01715911352099756,0,split conformal on pooled train residuals,,,,,,,,,,38220.0,,
intermittent,SKU-B2044,expanding,7,lgbm_global,ml,717,2025-12-18,2025-12-31,14,,,0.5487762223410059,0.958294892534618,100.0,1.9981082967287904,,5487762223.410057,199.99998958255657,0.0,0.0,True,0.35714285714285715,0.6192135347992177,,0.2703867921659064,0.04519156053816653,0.15778917635203646,0,split conformal on pooled train residuals,,,,,,,,,,38220.0,,
intermittent,SKU-C3087,expanding,7,lgbm_global,ml,717,2025-12-18,2025-12-31,14,,,1.4295653279853175,2.3608480460927357,200.13914591794446,2.105791250766754,,7681412010.902394,125.37478289928939,10.0,0.7142857142857143,False,0.42857142857142855,0.526366749756075,73.6913449658505,0.6104732598442102,0.6327081290025791,0.6215906944233947,0,split conformal on pooled train residuals,,,,,,,,,,38220.0,,
intermittent,SKU-D4021,expanding,7,lgbm_global,ml,717,2025-12-18,2025-12-31,14,,,0.4983511689261464,1.3576383035205122,139.538327299321,3.2761974994218885,,1434560101.8353412,99.82130375742143,5.0,0.35714285714285715,False,0.7857142857142857,0.44092466137022635,123.45890518366338,0.06666568992608576,0.3362920499605419,0.20147886994331382,0,split conformal on pooled train residuals,,,,,,,,,,38220.0,,
intermittent,SKU-A1102,rolling,0,lgbm_global,ml,365,2025-09-11,2025-09-24,14,,,0.5361850644280429,1.095786525482811,150.13181803985202,1.0605207351670682,,1967990038.186574,153.3338597132222,5.0,0.35714285714285715,False,0.5714285714285714,0.4532513301368604,126.9103724383209,0.062896562400248,0.3048007348901253,0.18384864864518666,0,split conformal on pooled train residuals,,,,,,,,,,18508.0,,
intermittent,SKU-B2044,rolling,0,lgbm_global,ml,365,2025-09-11,2025-09-24,14,,,0.18610168553143167,0.26323018726720165,100.0,0.634518127811929,,1861016855.3143165,142.8571167539316,0.0,0.0,True,0.7142857142857143,0.42031396845701996,,0.040293752477950355,0.023136422237479987,0.03171508735771517,0,split conformal on pooled train residuals,,,,,,,,,,18508.0,,
intermittent,SKU-C3087,rolling,0,lgbm_global,ml,365,2025-09-11,2025-09-24,14,,,0.8294656018396834,2.119705969092167,105.56834932505062,1.1080174830545024,,646018916.4998745,140.9138833070223,11.0,0.7857142857142857,False,0.7857142857142857,0.3514913259814632,44.735259670368045,0.04013166752215603,0.7041103309539805,0.37212099923806824,0,split conformal on pooled train residuals,,,,,,,,,,18508.0,,
intermittent,SKU-D4021,rolling,0,lgbm_global,ml,365,2025-09-11,2025-09-24,14,,,0.03859562316329702,0.11021308365759093,100.0,0.3454308273115083,,385956231.63297015,57.142841913888134,0.0,0.0,True,0.9285714285714286,0.29080662783161537,,0.007486942091803351,0.014934380975359905,0.011210661533581627,0,split conformal on pooled train residuals,,,,,,,,,,18508.0,,
intermittent,SKU-A1102,rolling,1,lgbm_global,ml,365,2025-09-25,2025-10-08,14,,,1.0199984719814217,1.8637410281190507,203.99969439628433,1.9954068468270436,,5717296577.923221,125.89252477188538,7.0,0.5,False,0.42857142857142855,0.4366149791292789,87.32299582585577,0.40052361822963706,0.4435988120559469,0.422061215142792,0,split conformal on pooled train residuals,,,,,,,,,,18508.0,,
intermittent,SKU-B2044,rolling,1,lgbm_global,ml,365,2025-09-25,2025-10-08,14,,,0.9052967765899275,2.183906509398897,158.4269359032373,3.000891166844389,,3356683330.7285404,142.7674146983842,8.0,0.5714285714285714,False,0.5,0.4535385010443725,79.36923768276519,0.17776206481806486,0.5487976251462134,0.36327984498213917,0,split conformal on pooled train residuals,,,,,,,,,,18508.0,,
intermittent,SKU-C3087,rolling,1,lgbm_global,ml,365,2025-09-25,2025-10-08,14,,,1.0492548662175112,1.205683115479012,293.79136254090315,1.336773103579605,,8264641540.641247,186.00830773061418,5.0,0.35714285714285715,False,0.21428571428571427,0.5863616231644404,164.18125448604331,0.5879002901153412,0.22334939448507093,0.40562484230020607,0,split conformal on pooled train residuals,,,,,,,,,,18508.0,,
intermittent,SKU-D4021,rolling,1,lgbm_global,ml,365,2025-09-25,2025-10-08,14,,,0.2964644097692905,0.48656164274623537,100.0,2.65335646743515,,2964644097.692906,99.9999886433401,0.0,0.0,True,0.6428571428571429,0.3828206304374489,,0.15832619336655712,0.027473989067480737,0.09290009121701893,0,split conformal on pooled train residuals,,,,,,,,,,18508.0,,
intermittent,SKU-A1102,rolling,2,lgbm_global,ml,365,2025-10-09,2025-10-22,14,,,1.0030580423695759,1.8473662310326995,127.66193266521873,1.9622665528322851,,3478398295.3608947,178.6397419196134,11.0,0.7857142857142857,False,0.42857142857142855,0.5512800464914421,70.16291500800172,0.19379481622889977,0.6094717183626547,0.4016332672957772,0,split conformal on pooled train residuals,,,,,,,,,,18508.0,,
intermittent,SKU-B2044,rolling,2,lgbm_global,ml,365,2025-10-09,2025-10-22,14,,,0.16286663800270537,0.27186996999656676,100.0,0.470211745201359,,1628666380.0270534,157.1428118680289,0.0,0.0,True,0.8571428571428571,0.4233769338895516,,0.04355395864185845,0.023461160307206994,0.033507559474532725,0,split conformal on pooled train residuals,,,,,,,,,,18508.0,,
intermittent,SKU-C3087,rolling,2,lgbm_global,ml,365,2025-10-09,2025-10-22,14,,,1.019154661172634,1.7157420366509213,129.71059324015343,1.3513235877770482,,2809891499.851794,180.14615611208296,11.0,0.7857142857142857,False,0.35714285714285715,0.5494864231576402,69.93463567460874,0.12190434808177372,0.6639417867946927,0.39292306743823324,0,split conformal on pooled train residuals,,,,,,,,,,18508.0,,
intermittent,SKU-D4021,rolling,2,lgbm_global,ml,365,2025-10-09,2025-10-22,14,,,0.002051870438880917,0.0073695918692599435,100.0,0.01836424042798421,,20518704.388809174,42.856606324746316,0.0,0.0,True,1.0,0.2842194769155748,,0.0,0.014210973845778754,0.007105486922889377,0,split conformal on pooled train residuals,,,,,,,,,,18508.0,,
intermittent,SKU-A1102,rolling,3,lgbm_global,ml,365,2025-10-23,2025-11-05,14,,,0.3933982566978937,1.0599603117639715,137.6893898442628,0.7259617314321956,,1144072140.7102492,142.20024562840405,4.0,0.2857142857142857,False,0.8571428571428571,0.44075524069984934,154.26433424494726,0.02441013382228194,0.26281157122938437,0.14361085252583317,0,split conformal on pooled train residuals,,,,,,,,,,18508.0,,
intermittent,SKU-B2044,rolling,3,lgbm_global,ml,365,2025-10-23,2025-11-05,14,,,0.12747334532367632,0.19120640518872736,100.0,0.36802788407964615,,1274733453.2367632,114.28570618772179,0.0,0.0,True,0.9285714285714286,0.4351875516543623,,0.0056555951922088645,0.02205704048757123,0.013856317839890046,0,split conformal on pooled train residuals,,,,,,,,,,18508.0,,
intermittent,SKU-C3087,rolling,3,lgbm_global,ml,365,2025-10-23,2025-11-05,14,,,0.42607277297267954,0.53428899558257,596.5018821617514,0.5670410881941237,,3590843229.530885,198.32787687305395,1.0,0.07142857142857142,False,0.5,0.5667473711648734,793.4463196308227,0.13588595443997578,0.07425392906004936,0.10506994175001258,0,split conformal on pooled train residuals,,,,,,,,,,18508.0,,
intermittent,SKU-D4021,rolling,3,lgbm_global,ml,365,2025-10-23,2025-11-05,14,,,0.1271428721422837,0.22848892212810754,100.0,1.1379287056734393,,1271428721.422837,114.28570328662535,0.0,0.0,True,0.8571428571428571,0.4203598028828828,,0.02861070278412266,0.02252381660646641,0.025567259695294536,0,split conformal on pooled train residuals,,,,,,,,,,18508.0,,
intermittent,SKU-A1102,rolling,4,lgbm_global,ml,365,2025-11-06,2025-11-19,14,,,0.33786548388974064,0.9703871754330419,118.25291936140923,0.6017703643409311,,853601728.5750089,68.45346597128564,4.0,0.2857142857142857,False,0.8571428571428571,0.266140590429219,93.14920665022666,0.042871343804642505,0.23001082281979598,0.13644108331221924,0,split conformal on pooled train residuals,,,,,,,,,,18508.0,,
intermittent,SKU-B2044,rolling,4,lgbm_global,ml,365,2025-11-06,2025-11-19,14,,,0.3473900984525706,1.0679207378208082,97.26922756671976,1.0029488326291955,,709304889.8478953,23.30624296683678,5.0,0.35714285714285715,False,0.8571428571428571,0.1514796404376319,42.414299322536934,0.06003017486274191,0.24787441750377723,0.15395229618325956,0,split conformal on pooled train residuals,,,,,,,,,,18508.0,,
intermittent,SKU-C3087,rolling,4,lgbm_global,ml,365,2025-11-06,2025-11-19,14,,,0.16601182334240702,0.3268553957007357,232.41655267936983,0.23125382395557087,,1074368654.4771557,67.07122608994263,1.0,0.07142857142857142,False,0.7857142857142857,0.31989533824140626,447.85347353796874,0.04221773283361996,0.049502568780915725,0.04586015080726784,0,split conformal on pooled train residuals,,,,,,,,,,18508.0,,
intermittent,SKU-D4021,rolling,4,lgbm_global,ml,365,2025-11-06,2025-11-19,14,,,0.6197411358699393,1.3348798795991708,216.90939755447874,5.546683166035957,,3345065709.742444,57.094965085389696,4.0,0.2857142857142857,False,0.7142857142857143,0.22175136608023593,77.61297812808257,0.2650071854800096,0.2717025424780751,0.2683548639790424,0,split conformal on pooled train residuals,,,,,,,,,,18508.0,,
intermittent,SKU-A1102,rolling,5,lgbm_global,ml,365,2025-11-20,2025-12-03,14,,,0.1689878015858858,0.522018691152103,118.29146111012005,0.2853661932440902,,312089513.94254607,56.16205186497443,2.0,0.14285714285714285,False,0.9285714285714286,0.33033163058520865,231.23214140964606,0.0071428571428571435,0.12166786964790446,0.0644053633953808,0,split conformal on pooled train residuals,,,,,,,,,,18508.0,,
intermittent,SKU-B2044,rolling,5,lgbm_global,ml,365,2025-11-20,2025-12-03,14,,,0.15890288044607442,0.537883635595196,111.2320163122521,0.4245315761171242,,160457383.03217277,28.57142786406282,2.0,0.14285714285714285,False,0.9285714285714286,0.31535204316667803,220.7464302166746,0.0071428571428571435,0.1372477011169954,0.07219527912992628,0,split conformal on pooled train residuals,,,,,,,,,,18508.0,,
intermittent,SKU-C3087,rolling,5,lgbm_global,ml,365,2025-11-20,2025-12-03,14,,,0.1953278102377451,0.4937667163900671,100.0,0.2988348549791143,,1953278102.377451,99.9999740738876,0.0,0.0,True,0.8571428571428571,0.402429935852957,,0.11452386757522413,0.026149068770291252,0.0703364681727577,0,split conformal on pooled train residuals,,,,,,,,,,18508.0,,
intermittent,SKU-D4021,rolling,5,lgbm_global,ml,365,2025-11-20,2025-12-03,14,,,0.027545529076929677,0.05815677405797621,100.0,0.20544373769876717,,275455290.76929677,71.428507212992,0.0,0.0,True,1.0,0.3313653327182623,,0.0,0.01656826663591313,0.008284133317956565,0,split conformal on pooled train residuals,,,,,,,,,,18508.0,,
intermittent,SKU-A1102,rolling,6,lgbm_global,ml,365,2025-12-04,2025-12-17,14,,,0.6285235666116752,0.9896957246754959,100.0,1.0417196150323134,,6285235666.116751,185.71427980146328,0.0,0.0,True,0.5,0.5944202916562317,,0.34990586039877364,0.04813711249853656,0.1990214864486551,0,split conformal on pooled train residuals,,,,,,,,,,18508.0,,
intermittent,SKU-B2044,rolling,6,lgbm_global,ml,365,2025-12-04,2025-12-17,14,,,1.1880658965570134,1.7966462194041757,184.8102505755354,3.127408757113315,,6149015681.006791,193.49961049982213,9.0,0.6428571428571429,False,0.14285714285714285,0.6622445831910238,103.01582405193702,0.3533985967472163,0.5438373928923397,0.448617994819778,0,split conformal on pooled train residuals,,,,,,,,,,18508.0,,
intermittent,SKU-C3087,rolling,6,lgbm_global,ml,365,2025-12-04,2025-12-17,14,,,1.0125385864057967,2.2754378794409003,118.12950174734296,1.611061395259001,,1701666610.4373608,170.4469622379014,12.0,0.8571428571428571,False,0.5714285714285714,0.4784465180992212,55.818760444909145,0.07903492436870448,0.777012282560957,0.42802360346483076,0,split conformal on pooled train residuals,,,,,,,,,,18508.0,,
intermittent,SKU-D4021,rolling,6,lgbm_global,ml,365,2025-12-04,2025-12-17,14,,,0.15811277464493614,0.25331193305081856,100.0,1.1792577775601487,,1581127746.4493616,157.1428210619588,0.0,0.0,True,0.8571428571428571,0.445828556825754,,0.03405240069284045,0.024083659456700376,0.029068030074770414,0,split conformal on pooled train residuals,,,,,,,,,,18508.0,,
intermittent,SKU-A1102,rolling,7,lgbm_global,ml,365,2025-12-18,2025-12-31,14,,,0.43657407307787727,0.7122643896596526,100.0,0.7442548483899051,,4365740730.778772,128.57141910375887,0.0,0.0,True,0.6428571428571429,0.4470497948732416,,0.2707177688801464,0.036600793368932974,0.1536592811245397,0,split conformal on pooled train residuals,,,,,,,,,,18508.0,,
intermittent,SKU-B2044,rolling,7,lgbm_global,ml,365,2025-12-18,2025-12-31,14,,,0.15840807106862728,0.21237610961166498,100.0,0.3706541793631932,,1584080710.6862729,142.85713217501953,0.0,0.0,True,0.9285714285714286,0.43442133119159027,,0.010136253618754958,0.02225455359214559,0.016195403605450274,0,split conformal on pooled train residuals,,,,,,,,,,18508.0,,
intermittent,SKU-C3087,rolling,7,lgbm_global,ml,365,2025-12-18,2025-12-31,14,,,0.7753877258358342,1.8472975618799468,108.55428161701677,1.239235740398342,,1356646803.2960231,179.874641606308,10.0,0.7142857142857143,False,0.7857142857142857,0.4921579813654112,68.90211739115757,0.04326293665447229,0.5847332497922647,0.3139980932233685,0,split conformal on pooled train residuals,,,,,,,,,,18508.0,,
intermittent,SKU-D4021,rolling,7,lgbm_global,ml,365,2025-12-18,2025-12-31,14,,,0.4023345227356931,1.290247256242185,112.65366636599406,3.0007449820703775,,587600358.7777721,141.81135170897682,5.0,0.35714285714285715,False,0.8571428571428571,0.3719727880381446,104.15238065068048,0.0182097792998232,0.32143714103300985,0.16982346016641653,0,split conformal on pooled train residuals,,,,,,,,,,18508.0,,
